threshold,auc_I,auc_II,mean_conf_correct,mean_conf_incorrect,conf_var_correct,conf_var_incorrect,day,set,subject
47.48743719,0.808383518,0.605042017,3.2667,3,0.32889,0.4,1,2,1
45.9798995,0.88121225,0.663157895,3.8824,3.6667,0.10381,0.22222,1,2,1
45.22613065,0.9262117,0.7125,3.8333,3.5,0.13889,0.25,1,2,1
45.72864322,0.8675,0.601851852,3.625,3.5,0.23438,0.25,1,2,1
44.97487437,0.931533597,0.778947368,3.9412,3.3333,0.055363,0.22222,1,2,1
43.46733668,0.948800165,0.76875,4,3.5,0,0.25,1,2,1
46.48241206,0.639375063,0.518518519,3.6923,3.7143,0.21302,0.20408,1,2,1
43.96984925,0.89005,0.684210526,3.9412,3.6667,0.055363,0.22222,1,2,1
43.46733668,0.926423717,0.757894737,3.8824,3.3333,0.10381,0.22222,1,2,1
42.96482412,0.919335785,0.663157895,3.8824,3.6667,0.10381,0.22222,1,2,1
44.22110553,0.86414107,0.773109244,3.6667,3,0.22222,0,1,2,1
43.71859296,0.74625,0.487394958,3.2667,3.4,0.19556,0.24,1,2,1
52.51256281,0.64405,0.571428571,3.1667,3,0.30556,0,1,2,1
51.50753769,0.695118873,0.614814815,3.5385,3.2857,0.24852,0.20408,1,2,1
56.28140704,0.6160415,0.690972222,3.6,3.1,0.24,0.09,1,2,1
53.76884422,0.511263895,0.493006993,3.2727,3.3333,0.38017,0.22222,1,2,1
53.76884422,0.563182098,0.517482517,3.3636,3.3333,0.2314,0.22222,1,2,1
50,0.83993076,0.655462185,3.5333,3.2,0.24889,0.16,1,2,1
56.28140704,0.53469692,0.576388889,3.4,3.2,0.24,0.16,1,2,1
51.50753769,0.713383085,0.644444444,3.6154,3.2857,0.23669,0.20408,1,2,1
51.50753769,0.713859204,0.718518519,3.5385,3,0.24852,0,1,2,1
52.51256281,0.677878984,0.621428571,3.4167,3.125,0.24306,0.10938,1,2,1
51.50753769,0.636010379,0.496296296,3.2308,3.2857,0.17751,0.20408,1,2,1
51.50753769,0.638,0.496296296,3.2308,3.2857,0.17751,0.20408,1,2,1
53.76884422,0.639091174,0.587412587,3,2.7778,0,0.17284,1,1,2
53.76884422,0.5295,0.482517483,2.7273,2.7778,0.19835,0.17284,1,1,2
48.74371859,0.89600918,0.647368421,3.0588,2.6667,0.055363,0.22222,1,1,2
50,0.703788114,0.445378151,2.8,3,0.16,0,1,1,2
50,0.782373955,0.588235294,3,2.8,0,0.16,1,1,2
47.98994975,0.93205,0.66875,3,2.5,0,0.25,1,1,2
50,0.70416683,0.515625,3,3,0,0,1,1,2
48.74371859,0.84525817,0.592592593,2.75,2.5,0.1875,0.25,1,1,2
47.2361809,0.936464195,0.66875,3,2.5,0,0.25,1,1,2
46.48241206,0.88791683,0.55,3,3,0,0,1,1,2
49.74874372,0.726,0.637037037,2.9231,2.5714,0.071006,0.2449,1,1,2
48.74371859,0.75277802,0.57421875,3,2.8333,0,0.13889,1,1,2
48.24120603,0.838383465,0.557894737,3.0588,3,0.055363,0,1,1,2
42.21105528,0.9802,0.613636364,3,NaN,0,NaN,1,1,2
29.14572864,0.81025218,0.740740741,2.9231,2.2857,0.071006,0.20408,1,1,2
29.89949749,0.748383375,0.513888889,2.75,2.75,0.1875,0.1875,1,1,2
27.13567839,0.9802,0.73015873,3,2,0,0,1,1,2
29.64824121,0.76272753,0.6328125,3,2.6667,0,0.22222,1,1,2
28.3919598,0.79125,0.50462963,2.9375,3,0.058594,0,1,1,2
31.40703518,0.741666688,0.596428571,2.75,2.5,0.1875,0.25,1,1,2
28.89447236,0.745,0.521008403,3,3,0,0,1,1,2
30.40201005,0.804335928,0.60546875,2.9286,2.6667,0.066327,0.22222,1,1,2
31.40703518,0.611190442,0.496296296,2.6923,2.7143,0.21302,0.20408,1,1,2
30.65326633,0.7745,0.481481481,2.875,3,0.23438,0,1,1,2
42.71356784,0.984792855,0.795454545,3.8,NaN,0.36,NaN,1,2,3
22.11055276,0.8583835,0.705882353,2.2667,1,1.3956,0,1,2,3
42.71356784,0.45916683,0.51048951,1,1,0,0,1,2,3
21.6080402,0.85146377,0.389473684,1,1,0,0,1,2,3
21.6080402,0.92385,0.40625,1.1667,1,0.13889,0,1,2,3
24.3718593,0.681060365,0.555555556,1.2308,1,0.17751,0,1,2,3
42.71356784,0.627716535,0.552447552,1.1111,1,0.098765,0,1,2,3
23.36683417,0.784897655,0.439814815,1.0625,1,0.058594,0,1,2,3
25.12562814,0.720908825,0.5078125,1.1429,1,0.12245,0,1,2,3
25.12562814,0.918224898,0.657894737,1.8824,1,0.57439,0,1,2,3
25.37688442,0.75355,0.462184874,1.0667,1,0.062222,0,1,2,3
21.85929648,0.949139925,0.317460317,1.1053,1,0.094183,0,1,2,3
45.9798995,0.98403889,0.849206349,3.7368,1,0.29917,0,1,2,3
43.2160804,0.8475,0.630252101,3.2,2.8,1.2267,0.96,1,2,3
40.20100503,0.94366644,0.5,3.0526,4,1.313,0,1,2,3
42.96482412,0.92813084,0.8671875,3.4286,1,1.2449,0,1,2,3
36.93467337,0.98333182,0.636363636,3.1,NaN,1.19,NaN,1,2,3
38.44221106,0.978909481,0.80952381,3.5263,1,0.77562,0,1,2,3
38.94472362,0.877966688,0.631578947,3.0588,2.3333,1.4671,1.5556,1,2,3
36.93467337,0.97313032,0.738095238,3.1053,1,1.1468,0,1,2,3
31.40703518,0.9851,0.761363636,3.65,NaN,0.6275,NaN,1,2,3
20.60301508,0.922808393,0.490740741,2.25,2,1.4375,0,1,2,3
23.86934673,0.704006214,0.55,1.5833,1.125,1.2431,0.10938,1,2,3
23.36683417,0.695208108,0.50390625,1.2857,1.1667,0.20408,0.13889,1,2,3
50.75376884,0.663737604,0.5390625,3.4286,3.3333,0.2449,0.55556,1,1,4
51.50753769,0.708131549,0.507407407,3.6154,3.7143,0.39053,0.20408,1,1,4
51.50753769,0.8795,0.803703704,3.8462,2.8571,0.28402,0.40816,1,1,4
51.50753769,0.782582581,0.762962963,3.8462,2.8571,0.28402,0.69388,1,1,4
49.24623116,0.98165,0.828703704,3.8125,3,0.15234,0,1,1,4
48.74371859,0.92171683,0.605263158,3.5882,3.3333,0.35986,0.88889,1,1,4
49.24623116,0.8625,0.662037037,3.6875,3.25,0.46484,0.6875,1,1,4
53.51758794,0.617083108,0.486013986,3.4545,3.5556,0.42975,0.24691,1,1,4
49.24623116,0.89208317,0.689814815,3.8125,3.25,0.15234,0.6875,1,1,4
48.74371859,0.87863649,0.584210526,3.5294,3.3333,0.24913,0.88889,1,1,4
50.75376884,0.777,0.609375,3.7143,3.3333,0.4898,0.88889,1,1,4
50,0.88855,0.693277311,3.7333,3.2,0.46222,0.56,1,1,4
48.74371859,0.83626232,0.689814815,3.8125,3.25,0.15234,0.6875,1,1,4
51.00502513,0.77974766,0.62962963,3.8462,3.5714,0.13018,0.2449,1,1,4
46.98492462,0.907966688,0.626984127,3.6316,4,0.54848,0,1,1,4
49.74874372,0.88905,0.78125,4,3.3333,0,0.22222,1,1,4
47.2361809,0.979504716,0.84375,3.7778,2.5,0.17284,0.25,1,1,4
46.73366834,0.973786885,0.83125,3.6111,2,0.45988,0,1,1,4
41.95979899,0.9851,0.840909091,4,NaN,0,NaN,1,1,4
44.22110553,0.9756,0.841269841,3.8947,3,0.094183,0,1,1,4
29.39698492,0.794791773,0.478991597,3.4667,3.8,0.64889,0.16,1,1,4
29.64824121,0.836666665,0.521052632,3.7059,4,0.32526,0,1,1,4
27.63819095,0.91489019,0.76875,4,3.5,0,0.25,1,1,4
28.64321608,0.86854179,0.740740741,3.625,2.75,0.35938,0.6875,1,1,4
47.98994975,0.937133353,0.752631579,3.3529,2.3333,0.81661,0.22222,1,1,5
47.48743719,0.91540363,0.747368421,3.5294,2,0.48443,2,1,1,5
48.74371859,0.879494606,0.760504202,2.9333,1.4,1.3956,0.24,1,1,5
47.73869347,0.912357842,0.787037037,3.0625,1.25,1.3086,0.1875,1,1,5
47.2361809,0.888022069,0.694444444,3.25,2.5,0.5625,0.75,1,1,5
47.98994975,0.894393576,0.823529412,3.3333,1.6,0.75556,0.64,1,1,5
42.21105528,0.98265,0.715909091,3.45,NaN,0.8475,NaN,1,1,5
49.49748744,0.694545745,0.660714286,3.75,2.875,0.1875,1.6094,1,1,5
46.48241206,0.874885263,0.768518519,3.8125,3,0.27734,0.5,1,1,5
43.96984925,0.979948495,0.841269841,3.8947,3,0.094183,0,1,1,5
46.98492462,0.905984199,0.8515625,3.7857,1.6667,0.16837,1.2222,1,1,5
46.73366834,0.879,0.798319328,3.7333,2.2,0.59556,1.36,1,1,5
42.71356784,0.606091853,0.527972028,2.3636,2.2222,1.3223,1.0617,1,1,5
43.71859296,0.811110714,0.692857143,2.0833,1.25,0.90972,0.4375,1,1,5
51.50753769,0.733636564,0.6,2.6154,2,1.4675,1.7143,1,1,5
50,0.871478505,0.798319328,3.3333,1.8,0.62222,0.96,1,1,5
50.75376884,0.851533595,0.8203125,3,1,1.4286,0,1,1,5
47.98994975,0.966508353,0.825,3.6667,2,0.55556,1,1,1,5
46.98492462,0.980516688,0.793650794,3.7368,3,0.40443,0,1,1,5
46.98492462,0.9591125,0.775,4,3,0,1,1,1,5
42.46231156,0.984594445,0.829545455,3.95,NaN,0.0475,NaN,1,1,5
28.64321608,0.909061081,0.75,3.8889,3,0.20988,1,1,1,5
24.3718593,0.79505,0.6484375,2.5714,1.6667,2.102,0.88889,1,1,5
27.38693467,0.84055,0.705882353,2.6,1,2.24,0,1,1,5
35.42713568,0.819090651,0.68487395,3.3333,2.8,0.48889,0.16,1,1,6
41.70854271,0.85439355,0.615789474,3.1765,3,0.73356,0,1,1,6
42.21105528,0.925675,0.851851852,3.625,2,0.35938,0.5,1,1,6
41.70854271,0.87205,0.726851852,3.5625,2.75,0.37109,0.6875,1,1,6
39.69849246,0.924697045,0.73125,3.7778,2.5,0.17284,2.25,1,1,6
39.44723618,0.741999935,0.56875,3.7222,4,0.31173,0,1,1,6
40.45226131,0.789999835,0.546296296,3.6875,3.75,0.21484,0.1875,1,1,6
38.44221106,0.95130008,0.79375,3.7222,3,0.20062,0,1,1,6
37.43718593,0.828791392,0.60625,3.8333,4,0.25,0,1,1,6
35.92964824,0.984316665,0.873015873,3.8947,1,0.094183,0,1,1,6
36.68341709,0.95755,0.878947368,3.8235,2,0.14533,0.66667,1,1,6
37.68844221,0.796716921,0.6796875,3.4286,2.8333,0.67347,0.47222,1,1,6
22.36180905,0.94455,0.75625,3.6111,3,0.34877,0,1,1,6
24.87437186,0.833809484,0.755555556,3.7692,2.5714,0.17751,1.3878,1,1,6
22.86432161,0.75979175,0.554621849,3.2667,3.2,0.72889,0.56,1,1,6
24.62311558,0.682619164,0.518518519,3.6923,3.7143,0.21302,0.20408,1,1,6
20.60301508,0.931,0.642857143,3.7368,4,0.29917,0,1,1,6
24.87437186,0.7525,0.714814815,3.8462,3,0.28402,0.85714,1,1,6
23.36683417,0.85905023,0.668067227,3.6667,3.4,0.62222,0.24,1,1,6
22.11055276,0.89455,0.694736842,3.5294,2.6667,0.48443,1.5556,1,1,6
22.86432161,0.81305,0.701680672,4,3.4,0,0.64,1,1,6
22.11055276,0.90855,0.742105263,3.7059,2.6667,0.44291,1.5556,1,1,6
23.36683417,0.802,0.65234375,3.7143,3.1667,0.20408,0.80556,1,1,6
20.60301508,0.943144969,0.7375,3.8333,3,0.25,1,1,1,6
46.98492462,0.91905,0.6625,3.1111,2.5,0.65432,0.25,1,2,7
40.70351759,0.819797564,0.734375,2.7143,1.5,1.2041,0.58333,1,2,7
40.45226131,0.915929223,0.588235294,2.4667,2,1.1822,0.4,1,2,7
41.45728643,0.860050143,0.78125,3,1.3333,1.4286,0.55556,1,2,7
39.1959799,0.930466773,0.5875,2.6111,2,1.1265,1,1,2,7
39.94974874,0.944424978,0.824074074,3.25,1.5,0.8125,0.25,1,2,7
38.19095477,0.943591705,0.675,3,2,0.88889,1,1,2,7
38.44221106,0.936863279,0.705263158,2.5882,1.3333,1.0657,0.22222,1,2,7
36.93467337,0.973026103,0.8375,3.4444,1.5,0.35802,0.25,1,2,7
36.4321608,0.9626,0.70625,2.7222,1,1.534,0,1,2,7
35.42713568,0.980983335,0.8125,3.1111,1,0.65432,0,1,2,7
36.18090452,0.909383235,0.740740741,3,1.5,1.625,0.75,1,2,7
41.95979899,0.961091705,0.777777778,3.6842,3,0.32133,0,1,2,7
39.94974874,0.92105,0.563492063,3.3684,4,0.86427,0,1,2,7
40.45226131,0.892221825,0.55625,3.2222,3.5,1.0617,0.25,1,2,7
39.44723618,0.911716853,0.5625,2.6667,2.5,1,0.25,1,2,7
35.67839196,0.937797278,0.619047619,3.1053,3,0.93629,0,1,2,7
24.3718593,0.89805,0.81092437,2.9333,1,1.3956,0,1,2,7
25.87939698,0.933401683,0.861344538,3.2667,1.2,0.72889,0.16,1,2,7
25.87939698,0.813666765,0.537815126,2.2667,2,1.1289,0.8,1,2,7
23.86934673,0.85543969,0.51875,2.6667,2.5,0.88889,2.25,1,2,7
23.86934673,0.952321775,0.715789474,3.2941,2.3333,0.56055,0.88889,1,2,7
25.12562814,0.82205,0.638655462,2.6,1.8,1.44,0.56,1,2,7
22.86432161,0.86442521,0.45625,2.3333,2.5,1.3333,0.25,1,2,7
51.50753769,0.7185,0.644444444,3.4615,3,0.24852,0.57143,1,2,8
50.75376884,0.803241812,0.8046875,3.4286,1.5,0.67347,1.25,1,2,8
47.98994975,0.941858258,0.725,3.2222,2,0.50617,1,1,2,8
52.51256281,0.666149142,0.607142857,3.1667,2.75,0.97222,0.9375,1,2,8
47.98994975,0.903676433,0.6625,3.6667,3.5,0.33333,0.25,1,2,8
48.49246231,0.914454655,0.7,3.5882,3,0.7128,0.66667,1,2,8
49.24623116,0.741,0.588235294,2.9333,2.6,1.3956,0.64,1,2,8
48.24120603,0.955454095,0.847368421,3.5294,1.3333,0.83737,0.22222,1,2,8
47.73869347,0.912073765,0.777777778,3.5,2.5,0.75,0.25,1,2,8
47.73869347,0.920384718,0.787037037,3.6875,2.25,0.33984,1.1875,1,2,8
49.24623116,0.88855,0.71484375,3.1429,2.1667,1.2653,0.47222,1,2,8
48.24120603,0.770466625,0.600840336,3.2,2.8,0.56,0.96,1,2,8
52.51256281,0.754061076,0.725,3.3333,2.375,0.88889,0.73438,1,2,8
51.50753769,0.670324962,0.57037037,2.9231,2.7143,0.3787,0.20408,1,2,8
50,0.771203932,0.651260504,2.8,2,1.2267,1.2,1,2,8
50,0.787975942,0.718487395,3.4667,2.6,0.64889,0.64,1,2,8
50,0.865466608,0.668067227,3.1333,2.6,0.78222,0.24,1,2,8
49.24623116,0.85942496,0.648148148,2.75,2,0.9375,0.5,1,2,8
49.24623116,0.792499875,0.564814815,3.125,3.25,1.2344,0.1875,1,2,8
51.25628141,0.752019869,0.666666667,2.5385,1.7143,1.1716,0.4898,1,2,8
49.24623116,0.812467831,0.583333333,2.75,2.5,1.0625,0.25,1,2,8
47.73869347,0.934633353,0.69375,3.2778,2.5,0.86728,0.25,1,2,8
49.49748744,0.832380937,0.617647059,3.7333,3.4,0.19556,0.64,1,2,8
48.74371859,0.75161683,0.472222222,2.9375,3.25,1.0586,0.6875,1,2,8
33.16582915,0.97549209,0.79375,3.6111,2.5,0.45988,0.25,1,1,9
38.94472362,0.626785621,0.688811189,3.3636,2.7778,0.77686,0.39506,1,1,9
35.1758794,0.653095401,0.504201681,3,3.2,1.3333,0.56,1,1,9
35.67839196,0.853401736,0.7265625,3.2143,2.3333,0.7398,0.55556,1,1,9
35.42713568,0.779374938,0.558823529,3.5333,3.6,0.64889,0.24,1,1,9
36.18090452,0.781250103,0.630252101,3.1333,2.6,0.51556,1.04,1,1,9
35.67839196,0.701925125,0.495798319,2.6,2.6,0.50667,1.04,1,1,9
37.43718593,0.757383235,0.537037037,3.0769,3,0.68639,0.28571,1,1,9
34.42211055,0.974241435,0.84375,3.5556,1.5,0.46914,0.25,1,1,9
36.68341709,0.81303051,0.72265625,3.3571,2.3333,0.94388,0.88889,1,1,9
35.42713568,0.80505,0.555555556,3.0625,3,0.93359,0.5,1,1,9
37.43718593,0.657758375,0.588888889,2.6154,2.1429,1.6213,1.2653,1,1,9
50.75376884,0.8235,0.7265625,3.2857,2.5,0.34694,0.58333,1,1,9
42.71356784,0.98361154,0.761363636,3.65,NaN,0.4275,NaN,1,1,9
51.25628141,0.773591563,0.646428571,3.3333,2.875,1.2222,0.85938,1,1,9
50.75376884,0.756363809,0.67037037,3.5385,2.7143,0.40237,1.3469,1,1,9
50.25125628,0.865353084,0.76953125,3.3571,2.3333,0.80102,0.22222,1,1,9
51.00502513,0.75905,0.62962963,3.0769,2.5714,1.3018,0.81633,1,1,9
56.28140704,0.638484836,0.722222222,3.4,2.4,0.44,1.04,1,1,9
52.51256281,0.625000035,0.610714286,3.0833,2.625,0.57639,0.98438,1,1,9
47.98994975,0.965050018,0.85625,3.6667,1.5,0.44444,0.25,1,1,9
48.74371859,0.912575355,0.742105263,3.8235,3.3333,0.26298,0.22222,1,1,9
46.98492462,0.9806,0.841269841,3.7368,1,0.61496,0,1,1,9
48.99497487,0.821813387,0.676470588,3.8667,3,0.11556,1.6,1,1,9
48.74371859,0.93585763,0.705263158,3,2.3333,0.23529,0.22222,1,2,10
47.98994975,0.87234171,0.5625,3.0556,3,0.3858,1,1,2,10
46.98492462,0.868888444,0.596638655,3,2.6,0.66667,1.04,1,2,10
49.24623116,0.746041728,0.696296296,2.9231,2.2857,0.071006,0.4898,1,2,10
48.49246231,0.853080985,0.672268908,2.8667,2.2,0.51556,0.56,1,2,10
46.98492462,0.9266,0.694736842,2.3529,1.3333,0.46367,0.22222,1,2,10
47.2361809,0.8262118,0.583333333,2.5,2.25,0.375,0.1875,1,2,10
54.27135678,0.59429283,0.628472222,2.7,2.3,0.21,0.41,1,2,10
45.72864322,0.9802,0.714285714,2.9474,2,0.049861,0,1,2,10
47.98994975,0.83205,0.647058824,2.5333,2,0.38222,0.4,1,2,10
47.48743719,0.87621122,0.680555556,2.5625,2,0.24609,0,1,2,10
46.23115578,0.89155,0.50625,2.5,2.5,0.36111,0.25,1,2,10
43.2160804,0.931009701,0.757894737,3.2941,2.3333,0.44291,0.22222,1,2,10
43.46733668,0.794583313,0.435185185,3.125,3.5,0.48438,0.75,1,2,10
43.46733668,0.57199987,0.467592593,3.1875,3.5,0.52734,0.25,1,2,10
44.22110553,0.831868391,0.693277311,2.8667,2,0.38222,1.2,1,2,10
42.46231156,0.92414094,0.757894737,3.4706,2.6667,0.24913,0.22222,1,2,10
42.71356784,0.85419154,0.666666667,3.3125,2.75,0.46484,0.6875,1,2,10
37.93969849,0.9851,0.806818182,3.85,NaN,0.1275,NaN,1,2,10
37.18592965,0.9851,0.840909091,4,NaN,0,NaN,1,2,10
32.91457286,0.89855,0.791666667,3.625,2.75,0.23438,0.1875,1,2,10
30.15075377,0.984316665,0.801587302,3.4737,1,0.77562,0,1,2,10
28.64321608,0.948800165,0.698412698,3.9474,4,0.049861,0,1,2,10
24.62311558,0.97655,0.89375,3.8889,1.5,0.098765,0.25,1,2,10
52.51256281,0.744425188,0.742857143,2.6667,1.625,0.72222,0.48438,1,1,11
50.75376884,0.780656219,0.6640625,3,2.3333,1.1429,0.55556,1,1,11
51.50753769,0.785466625,0.67037037,3.1538,2.4286,1.2071,0.81633,1,1,11
46.98492462,0.984525,0.825396825,3.5789,1,0.55956,0,1,1,11
49.24623116,0.869583273,0.601851852,3.1875,3,1.1523,0.5,1,1,11
48.49246231,0.86833348,0.636842105,3.3529,3,0.81661,0.66667,1,1,11
47.98994975,0.884890182,0.642105263,3.2941,2.6667,0.79585,1.5556,1,1,11
48.99497487,0.773571706,0.453125,3.0714,3.5,1.352,0.58333,1,1,11
46.73366834,0.943029885,0.73125,3.3889,2.5,0.6821,0.25,1,1,11
45.9798995,0.939216813,0.7375,3.8333,3,0.25,1,1,1,11
48.24120603,0.8135,0.75,3.7143,2.5,0.34694,1.25,1,1,11
46.23115578,0.870656715,0.652631579,3.7647,3.3333,0.29758,0.88889,1,1,11
45.47738693,0.97784726,0.73125,2.8889,1.5,0.76543,0.25,1,1,11
42.96482412,0.961261625,0.674603175,3.0526,2,0.99723,0,1,1,11
44.47236181,0.775454775,0.6640625,3.5714,3.1667,0.67347,0.47222,1,1,11
46.23115578,0.715454709,0.707142857,3.5,2.25,0.91667,1.9375,1,1,11
41.70854271,0.98237222,0.801587302,3.4211,1,0.66482,0,1,1,11
40.70351759,0.94916634,0.492063492,3,4,1.3684,0,1,1,11
41.95979899,0.915656165,0.7,3.4706,2.6667,0.71972,0.88889,1,1,11
40.70351759,0.922323325,0.6875,3.6111,3,0.79321,1,1,1,11
39.69849246,0.945258375,0.821052632,3.3529,1,1.4048,0,1,1,11
40.70351759,0.898989525,0.857142857,3.6,1.8,0.50667,0.56,1,1,11
40.95477387,0.87116176,0.693277311,3.6667,3,0.75556,0.8,1,1,11
37.43718593,0.913175,0.611111111,3.5263,4,0.88089,0,1,1,11
53.76884422,0.537121655,0.51048951,2.8182,2.7778,0.69421,0.83951,1,1,12
51.50753769,0.73205,0.662962963,3.3077,2.8571,0.36686,0.12245,1,1,12
56.28140704,0.455252504,0.444444444,3.2,3.4,0.56,0.44,1,1,12
58.29145729,0.576648605,0.552447552,3.2222,3,0.39506,0.72727,1,1,12
58.29145729,0.518591768,0.636363636,3,2.5455,0.44444,0.24793,1,1,12
56.28140704,0.4725,0.479166667,2.8,2.8,0.16,0.56,1,1,12
58.29145729,0.507272791,0.573426573,3.2222,3,0.39506,0.18182,1,1,12
56.28140704,0.55255,0.559027778,2.7,2.5,0.41,0.25,1,1,12
51.50753769,0.662,0.533333333,2.9231,2.8571,0.071006,0.12245,1,1,12
60.05025126,0.390625,0.348148148,3.4286,3.7692,0.2449,0.17751,1,1,12
53.76884422,0.540050692,0.496503497,3.1818,3.2222,0.33058,0.17284,1,1,12
59.29648241,0.412692082,0.596428571,3.625,3.3333,0.23438,0.22222,1,1,12
50.75376884,0.796875103,0.703125,3.6429,3.1667,0.22959,0.13889,1,1,12
48.74371859,0.911923165,0.710526316,3.6471,3,0.22837,0.66667,1,1,12
53.76884422,0.575858874,0.503496503,3.5455,3.4444,0.24793,0.69136,1,1,12
56.28140704,0.541071098,0.517361111,3.5,3.4,0.45,0.64,1,1,12
50,0.83105,0.697478992,3.2667,2.6,0.59556,0.24,1,1,12
48.74371859,0.83343397,0.5,3.1176,3.3333,0.45675,0.22222,1,1,12
50,0.680274924,0.470588235,3.4,3.6,0.24,0.24,1,1,12
51.50753769,0.788434096,0.737037037,3.6154,2.8571,0.39053,0.40816,1,1,12
47.98994975,0.8950001,0.65,4,4,0,0,1,1,12
48.74371859,0.87905,0.726851852,3.75,3.25,0.1875,0.1875,1,1,12
48.49246231,0.90005009,0.705263158,4,3.6667,0,0.22222,1,1,12
49.24623116,0.77405,0.630252101,4,3.8,0,0.16,1,1,12
53.76884422,0.61505042,0.566433566,2.1818,1.7778,1.6033,1.0617,1,2,13
60.55276382,0.208030201,0.4375,1.5,1.8571,0.58333,0.83673,1,2,13
56.28140704,0.514746702,0.552083333,2.3,2.1,0.81,0.89,1,2,13
53.76884422,0.500625063,0.416083916,1.5455,1.7778,0.42975,0.39506,1,2,13
56.28140704,0.55609175,0.586805556,2.3,2,0.61,0.8,1,2,13
59.29648241,0.479333235,0.646428571,2.375,1.8333,0.73438,0.80556,1,2,13
59.29648241,0.39848397,0.453571429,2.125,2.3333,1.3594,0.55556,1,2,13
60.55276382,0.344444297,0.5625,2.3333,2.1429,0.55556,0.55102,1,2,13
60.05025126,0.357,0.525925926,1.7143,1.6923,0.20408,0.21302,1,2,13
56.28140704,0.615575165,0.572916667,1.9,1.7,0.29,0.61,1,2,13
58.29145729,0.369999888,0.475524476,2,2.0909,0.44444,0.44628,1,2,13
59.29648241,0.350707664,0.432142857,1.625,1.9167,0.98438,1.0764,1,2,13
53.76884422,0.559999869,0.447552448,2,2.1111,1.6364,1.2099,1,2,13
56.28140704,0.480252565,0.444444444,1.6,1.8,0.44,0.56,1,2,13
52.51256281,0.649071219,0.628571429,2.6667,2.125,0.72222,1.3594,1,2,13
52.51256281,0.579899132,0.467857143,1.9167,2,0.74306,0.5,1,2,13
56.28140704,0.549633375,0.569444444,2.4,2,1.44,0.6,1,2,13
59.29648241,0.40349175,0.510714286,2.375,2.3333,0.73438,0.55556,1,2,13
53.76884422,0.313045323,0.402097902,1.8182,2.2222,0.33058,0.83951,1,2,13
53.76884422,0.676643604,0.566433566,1.9091,1.6667,0.44628,0.22222,1,2,13
53.76884422,0.623406525,0.63986014,2,1.4444,0.72727,0.24691,1,2,13
52.51256281,0.656423794,0.528571429,2,1.875,0.5,0.60938,1,2,13
50.75376884,0.642716895,0.4296875,2,2.1667,0.71429,0.47222,1,2,13
61.30653266,0.198636216,0.509259259,2,1.875,1.5,0.35938,1,2,13
46.73366834,0.720302068,0.55078125,2.2143,1.8333,1.1684,0.47222,1,2,14
55.52763819,0.524225514,0.666666667,2.7,1.9,1.21,0.89,1,2,14
53.76884422,0.63000004,0.622377622,2.8182,2.2222,1.0579,1.5062,1,2,14
56.28140704,0.43455,0.423611111,2,2.2,0.8,0.36,1,2,14
51.50753769,0.752133438,0.677777778,2.9231,2.1429,0.68639,0.97959,1,2,14
56.28140704,0.584841745,0.597222222,2.5,2.1,0.85,0.69,1,2,14
50.75376884,0.842412785,0.76953125,2.9286,1.5,1.2092,0.25,1,2,14
53.76884422,0.784424898,0.793706294,3.2727,1.8889,0.92562,0.54321,1,2,14
50.75376884,0.844848115,0.7890625,3.2857,1.8333,0.91837,0.80556,1,2,14
50.75376884,0.837133335,0.78125,3.6429,2.3333,0.65816,1.2222,1,2,14
50,0.874633108,0.710084034,2.8667,1.8,0.51556,0.96,1,2,14
49.24623116,0.898999935,0.722222222,3.3125,2,1.0898,1.5,1,2,14
48.99497487,0.88805,0.794117647,3,1.8,0.53333,0.16,1,2,14
48.24120603,0.817373445,0.634453782,2.8667,2.2,0.91556,1.36,1,2,14
46.48241206,0.940466728,0.70625,3.0556,2,1.0525,0,1,2,14
48.24120603,0.800099955,0.70703125,2.7143,1.8333,0.77551,0.47222,1,2,14
49.49748744,0.713461748,0.577777778,3.4615,3.2857,0.55621,0.4898,1,2,14
46.73366834,0.833,0.510526316,3.2941,3.6667,0.91349,0.22222,1,2,14
46.98492462,0.94442504,0.847222222,3.6875,2,0.33984,1,1,2,14
44.97487437,0.952192645,0.579365079,2.9474,3,1.1025,0,1,2,14
45.22613065,0.956508273,0.83125,3.7222,2,0.64506,0,1,2,14
43.2160804,0.96686822,0.753968254,3.5789,3,0.77008,0,1,2,14
44.97487437,0.846716688,0.726890756,3.1333,2.2,0.51556,0.56,1,2,14
41.45728643,0.963506599,0.666666667,3.2632,3,1.036,0,1,2,14
36.93467337,0.981816665,0.746031746,3.2105,2,0.37673,0,1,1,15
35.92964824,0.9451,0.523809524,2.8421,3,0.44875,0,1,1,15
37.43718593,0.66555,0.390756303,2.7333,3.2,0.32889,0.56,1,1,15
41.45728643,0.433621251,0.538461538,2.3636,2.2222,0.59504,0.61728,1,1,15
38.94472362,0.597916585,0.466666667,2.6154,2.7143,0.23669,0.20408,1,1,15
37.43718593,0.84705,0.638888889,3,2.5,0.875,0.25,1,1,15
38.69346734,0.847133353,0.75210084,3.4667,2.2,0.51556,1.36,1,1,15
37.68844221,0.92232281,0.621052632,3.2941,3,0.56055,0.66667,1,1,15
35.1758794,0.961748392,0.571428571,2.5263,2,0.88089,0,1,1,15
36.93467337,0.83141382,0.555555556,2.125,1.75,0.73438,0.6875,1,1,15
38.19095477,0.750050103,0.453125,2.4286,2.6667,1.102,0.55556,1,1,15
38.44221106,0.663029938,0.481481481,2.3846,2.4286,1.0059,0.53061,1,1,15
46.98492462,0.944140955,0.76875,3.5,2.5,0.47222,0.25,1,1,15
29.14572864,0.92355,0.69375,3.2222,2.5,0.83951,0.25,1,1,15
29.14572864,0.820675,0.62037037,3.125,2.75,0.73438,0.6875,1,1,15
42.71356784,0.607708518,0.642361111,3.1,2.5,0.29,0.85,1,1,15
30.15075377,0.844444095,0.676470588,3.2,2.6,0.42667,0.64,1,1,15
30.90452261,0.748939135,0.61328125,3.0714,2.5,0.4949,1.25,1,1,15
31.65829146,0.721666523,0.5859375,3.5714,3.3333,0.2449,0.55556,1,1,15
29.89949749,0.93855,0.73125,3.5,3,0.69444,0,1,1,15
31.40703518,0.79,0.65234375,3.5,3.1667,0.39286,0.13889,1,1,15
28.89447236,0.896458153,0.53125,3.6111,4,0.34877,0,1,1,15
28.3919598,0.816758443,0.54375,3.6111,4,0.45988,0,1,1,15
28.3919598,0.902121335,0.742105263,3.7647,3,0.29758,0.66667,1,1,15
19.59798995,0.693,0.55078125,3.8571,3.8333,0.12245,0.13889,1,1,16
20.10050251,0.744848796,0.609375,3.8571,3.6667,0.12245,0.22222,1,1,16
18.34170854,0.925,0.715789474,3.7647,3.3333,0.17993,0.22222,1,1,16
19.84924623,0.7025,0.55078125,3.8571,3.8333,0.12245,0.13889,1,1,16
19.59798995,0.632666735,0.605042017,3.9333,3.8,0.062222,0.16,1,1,16
18.34170854,0.875989141,0.684210526,3.9412,3.6667,0.055363,0.22222,1,1,16
17.83919598,0.954692645,0.8,4,3.3333,0,0.22222,1,1,16
17.5879397,0.828044742,0.578947368,3.6471,3.6667,0.22837,0.22222,1,1,16
16.33165829,0.939216813,0.75,3.9444,3.5,0.052469,0.25,1,1,16
17.08542714,0.77005022,0.560185185,3.9375,4,0.058594,0,1,1,16
15.32663317,0.89085819,0.6125,3.8889,4,0.098765,0,1,1,16
14.57286432,0.925909165,0.75,3.9444,3.5,0.052469,0.25,1,1,16
42.46231156,0.810000125,0.568421053,3.8824,4,0.10381,0,1,1,16
27.63819095,0.932,0.75,3.9444,3.5,0.052469,0.25,1,1,16
27.13567839,0.878236969,0.796296296,3.9375,3.25,0.058594,0.1875,1,1,16
29.39698492,0.710606421,0.659259259,3.9231,3.5714,0.071006,0.2449,1,1,16
27.63819095,0.7925,0.560185185,3.9375,4,0.058594,0,1,1,16
27.88944724,0.735258375,0.621848739,3.8,3.6,0.16,0.24,1,1,16
29.64824121,0.58904781,0.466666667,3.6923,3.8571,0.21302,0.12245,1,1,16
30.15075377,0.720707411,0.659259259,3.9231,3.5714,0.071006,0.2449,1,1,16
29.14572864,0.802019966,0.68907563,3.8,3.4,0.16,0.24,1,1,16
26.38190955,0.944008518,0.666666667,3.8421,4,0.13296,0,1,1,16
28.89447236,0.777878389,0.588235294,3.5333,3.4,0.24889,0.24,1,1,16
28.14070352,0.878958108,0.717592593,3.9375,3.5,0.058594,0.25,1,1,16
43.2160804,0.98415,0.89375,4,2.5,0,0.25,1,2,17
42.71356784,0.86380916,0.703703704,3.6875,3.25,0.21484,0.1875,1,2,17
42.21105528,0.922777355,0.768421053,3.6471,3,0.22837,0,1,2,17
41.20603015,0.867423865,0.55,3,3,0.44444,0,1,2,17
37.18592965,0.9839,0.761363636,3.65,NaN,0.3275,NaN,1,2,17
38.44221106,0.93885,0.761904762,3.6316,3,0.23269,0,1,2,17
27.88944724,0.663383233,0.562962963,2.3846,2.1429,0.39053,0.12245,1,2,17
33.66834171,0.710466688,0.574074074,2.5385,2.2857,0.40237,0.20408,1,2,17
33.16582915,0.96509996,0.8125,3.7778,3,0.17284,0,1,2,17
34.17085427,0.793800103,0.6796875,3.4286,3,0.2449,0,1,2,17
31.65829146,0.883716535,0.625,3.2222,3,0.17284,0,1,2,17
43.2160804,0.40445,0.347222222,2.1,2.5,0.09,0.25,1,2,17
50,0.699945251,0.600840336,3.4667,3.2,0.24889,0.56,1,2,17
53.76884422,0.636969388,0.667832168,3.1818,2.6667,0.33058,0.22222,1,2,17
52.51256281,0.640989134,0.689285714,3.25,2.625,0.35417,0.48438,1,2,17
51.50753769,0.715050188,0.47037037,2.6154,2.7143,0.54438,0.4898,1,2,17
47.98994975,0.96405,0.78125,3.1667,2,0.36111,0,1,2,17
46.98492462,0.970100063,0.777777778,3.6842,3,0.21607,0,1,2,17
46.73366834,0.971308811,0.714285714,3,2,0.21053,0,1,2,17
51.00502513,0.728535054,0.646428571,2.5833,2.125,0.40972,0.10938,1,2,17
46.73366834,0.859848085,0.621052632,3.2353,3,0.17993,0,1,2,17
46.98492462,0.729425,0.541666667,3.25,3.25,0.1875,0.1875,1,2,17
47.98994975,0.794747104,0.647058824,3.3333,3,0.22222,0,1,2,17
52.26130653,0.60088329,0.608391608,2.7273,2.3333,0.56198,0.22222,1,2,17
50.75376884,0.87202319,0.703125,3,2,0.42857,1,1,2,18
47.98994975,0.905554615,0.58125,3.0556,3,0.3858,0,1,2,18
49.24623116,0.859390774,0.756302521,3.3333,2.2,1.0222,0.96,1,2,18
48.99497487,0.873383135,0.756302521,3.8,3.2,0.16,0.16,1,2,18
49.24623116,0.8169189,0.630252101,3.6,2.8,0.64,2.16,1,2,18
45.9798995,0.9851,0.80952381,3.7895,3,0.1662,0,1,2,18
47.2361809,0.860489706,0.473684211,3.5294,4,0.60208,0,1,2,18
45.9798995,0.90186827,0.6,3.4444,3.5,0.58025,0.25,1,2,18
45.9798995,0.935050055,0.778947368,3.7647,2,0.17993,2,1,2,18
44.22110553,0.91389623,0.6125,3.8889,4,0.098765,0,1,2,18
45.22613065,0.852192995,0.740740741,3.6875,2.75,0.33984,1.1875,1,2,18
44.72361809,0.910466813,0.75,3.8125,3.25,0.15234,0.1875,1,2,18
37.18592965,0.766508438,0.5,2.6875,2.75,1.2148,1.1875,1,2,18
36.18090452,0.872120825,0.642105263,3,2.3333,0.35294,0.88889,1,2,18
40.70351759,0.717272263,0.769230769,3.5455,2.2222,0.24793,1.284,1,2,18
36.4321608,0.84671733,0.657407407,3.625,3,0.60938,1.5,1,2,18
36.68341709,0.78484175,0.587962963,3.375,3.25,0.23438,0.1875,1,2,18
36.93467337,0.82818145,0.710084034,3.3333,2.6,0.62222,0.64,1,2,18
39.69849246,0.71909066,0.660714286,3.3333,2.375,1.2222,1.9844,1,2,18
38.19095477,0.827692535,0.6328125,3.1429,2.5,0.55102,1.25,1,2,18
38.69346734,0.78000025,0.7265625,3.3571,2.1667,0.65816,1.4722,1,2,18
36.68341709,0.9651,0.80625,3.6111,2.5,0.23765,0.25,1,2,18
38.94472362,0.77709296,0.6796875,3.1429,2.1667,0.55102,1.4722,1,2,18
36.93467337,0.92449452,0.763157895,3.4706,2.3333,0.24913,0.88889,1,2,18
49.74874372,0.837928889,0.726890756,3.5333,2.6,0.38222,1.04,1,1,19
47.98994975,0.97065609,0.84375,3.7778,2.5,0.17284,0.25,1,1,19
48.99497487,0.843124915,0.685185185,2.9375,1.75,1.3086,1.6875,1,1,19
52.26130653,0.742323379,0.639285714,3.5833,3,0.24306,1,1,1,19
49.74874372,0.814583313,0.672268908,3.7333,3.4,0.32889,0.24,1,1,19
49.74874372,0.797980041,0.605042017,3.4667,3.2,0.38222,0.56,1,1,19
50,0.744450756,0.596638655,3.5333,3.4,1.0489,0.64,1,1,19
48.74371859,0.873958375,0.594736842,3.1765,3,1.0865,0.66667,1,1,19
47.48743719,0.90555,0.5875,3,3,1,0,1,1,19
51.50753769,0.720833265,0.603571429,2.8333,2.375,1.4722,0.73438,1,1,19
50,0.764642691,0.73828125,3.6429,2.8333,0.51531,0.80556,1,1,19
47.2361809,0.91207078,0.6,3.2222,3,0.83951,1,1,1,19
33.41708543,0.838124875,0.601851852,3.375,3,0.98438,1.5,1,1,19
36.4321608,0.7691411,0.742857143,3.5,2.5,0.91667,0.75,1,1,19
34.42211055,0.888333495,0.794117647,3.6667,2,0.62222,1.6,1,1,19
36.93467337,0.606190537,0.453571429,3.1667,3.375,0.47222,0.23438,1,1,19
34.92462312,0.899848115,0.777777778,3.5,2.5,0.5,0.25,1,1,19
39.94974874,0.63364167,0.559440559,2.7273,2.4444,0.7438,0.69136,1,1,19
37.68844221,0.762291853,0.66796875,2.8571,1.8333,1.551,1.4722,1,1,19
37.93969849,0.852,0.567226891,3.3333,3,1.0222,1.6,1,1,19
36.4321608,0.85405,0.568421053,3,3,0.94118,0,1,1,19
37.68844221,0.835504665,0.676470588,3.2667,2.6,0.32889,0.64,1,1,19
36.18090452,0.88555,0.663157895,3.3529,3,0.46367,0,1,1,19
37.93969849,0.759841665,0.6171875,2.7143,2.1667,1.2041,0.80556,1,1,19
16.83417085,0.96136318,0.78125,3.2222,1.5,0.83951,0.25,1,2,20
18.09045226,0.836091483,0.7890625,3.4286,2.3333,0.53061,0.22222,1,2,20
12.81407035,0.98196818,0.659090909,3.2,NaN,0.96,NaN,1,2,20
16.83417085,0.77606085,0.56302521,3.4,3.4,1.1733,0.64,1,2,20
16.58291457,0.782928955,0.613445378,3.2,2.8,0.82667,0.96,1,2,20
15.82914573,0.87754996,0.694444444,3.3125,2.75,0.83984,0.1875,1,2,20
14.57286432,0.900214969,0.573684211,2.5294,2,1.6609,0.66667,1,2,20
15.57788945,0.840675045,0.592592593,2.6875,2.25,1.2148,0.1875,1,2,20
15.07537688,0.844090606,0.648148148,3.3125,2.75,0.83984,1.1875,1,2,20
16.08040201,0.7465,0.6484375,3,2.3333,0.85714,0.88889,1,2,20
12.31155779,0.98237222,0.714285714,2.9474,1,0.99723,0,1,2,20
13.5678392,0.886258884,0.552631579,2.4118,2,1.0657,0.66667,1,2,20
35.92964824,0.86305,0.642105263,3.8235,3.6667,0.14533,0.22222,1,2,20
34.67336683,0.933186859,0.7,3.7778,3.5,0.28395,0.25,1,2,20
33.91959799,0.93605,0.7625,3.9444,3,0.052469,1,1,2,20
32.4120603,0.984695455,0.865079365,3.8947,2,0.094183,0,1,2,20
30.90452261,0.9851,0.880952381,4,2,0,0,1,2,20
21.85929648,0.774008273,0.605042017,3,3,1.6,0,1,2,20
21.85929648,0.982292855,0.847368421,3.4118,1.3333,0.59516,0.22222,1,2,20
20.10050251,0.950883358,0.775,3.5556,2.5,0.80247,0.25,1,2,20
18.34170854,0.920454125,0.611111111,3.5789,4,0.66482,0,1,2,20
20.85427136,0.864191575,0.735294118,3.4667,2.4,0.64889,1.04,1,2,20
19.84924623,0.873541585,0.75462963,3.6875,2.75,0.71484,1.1875,1,2,20
16.83417085,0.9786,0.777777778,3.4211,2,0.45429,0,1,2,20
50,0.795325002,0.521008403,3.5333,3.6,0.24889,0.24,2,2,1
48.74371859,0.84405,0.578947368,3.6471,3.6667,0.22837,0.22222,2,2,1
50.75376884,0.696041563,0.53125,3.5,3.5,0.25,0.25,2,2,1
49.24623116,0.89055,0.736111111,3.4375,2.75,0.24609,0.1875,2,2,1
52.26130653,0.6835,0.639285714,3.5833,3.25,0.24306,0.1875,2,2,1
48.74371859,0.936643476,0.694736842,3.7059,3.3333,0.20761,0.22222,2,2,1
47.98994975,0.974880241,0.8125,3.7778,3,0.17284,0,2,2,1
47.48743719,0.875555114,0.58125,3.4444,3.5,0.24691,0.25,2,2,1
48.24120603,0.838282975,0.657407407,3.5625,3.25,0.24609,0.1875,2,2,1
46.98492462,0.932133313,0.768421053,3.6471,3,0.22837,0,2,2,1
48.49246231,0.799393524,0.70703125,3.5,3,0.25,0,2,2,1
47.73869347,0.733535059,0.529411765,3.2,3.2,0.16,0.16,2,2,1
58.29145729,0.465219832,0.58041958,3.2222,3,0.17284,0,2,2,1
58.29145729,0.453576447,0.461538462,3,3.0909,0,0.082645,2,2,1
53.76884422,0.525833108,0.454545455,3.0909,3.2222,0.082645,0.17284,2,2,1
59.29648241,0.450763911,0.610714286,3.25,2.9167,0.1875,0.076389,2,2,1
58.29145729,0.486868139,0.461538462,3,3.0909,0,0.082645,2,2,1
59.29648241,0.437019821,0.553571429,3.25,3.0833,0.1875,0.076389,2,2,1
59.29648241,0.369395284,0.507142857,3.125,3.0833,0.10938,0.076389,2,2,1
60.55276382,0.342147465,0.59375,3.3333,3,0.22222,0.14286,2,2,1
50.75376884,0.70292958,0.515625,3,3,0,0,2,2,1
52.51256281,0.57505,0.539285714,3.0833,3,0.076389,0,2,2,1
49.24623116,0.876299835,0.736111111,3.5625,3,0.24609,0,2,2,1
50.75376884,0.7781,0.625,3.2857,3,0.20408,0,2,2,1
48.99497487,0.801703496,0.606481481,3,2.75,0,0.1875,2,1,2
47.73869347,0.83656581,0.536842105,3,3,0,0,2,1,2
46.73366834,0.921969265,0.65,2.9444,2.5,0.052469,0.25,2,1,2
45.9798995,0.8910102,0.55,3,3,0,0,2,1,2
45.47738693,0.8875,0.53125,2.9444,3,0.052469,0,2,1,2
45.72864322,0.80135,0.606481481,3,2.75,0,0.1875,2,1,2
44.72361809,0.88651526,0.631578947,3,2.6667,0,0.22222,2,1,2
42.46231156,0.94426683,0.555555556,2.9474,3,0.049861,0,2,1,2
45.47738693,0.696,0.515625,3,3,0,0,2,1,2
41.70854271,0.9361,0.571428571,3,3,0,0,2,1,2
38.19095477,0.9802,0.602272727,2.95,NaN,0.0475,NaN,2,1,2
40.45226131,0.84510014,0.55,3,3,0,0,2,1,2
28.64321608,0.8335,0.606481481,3,2.75,0,0.1875,2,1,2
27.38693467,0.893502159,0.65,2.9444,2.5,0.052469,0.25,2,1,2
28.64321608,0.80181338,0.588235294,3,2.8,0,0.16,2,1,2
28.14070352,0.776041483,0.50462963,2.9375,3,0.058594,0,2,1,2
26.88442211,0.88641425,0.631578947,3,2.6667,0,0.22222,2,1,2
24.87437186,0.940050183,0.555555556,2.9474,3,0.049861,0,2,1,2
27.38693467,0.8726264,0.697478992,2.9333,2.4,0.062222,0.24,2,1,2
26.88442211,0.73,0.495798319,2.9333,3,0.062222,0,2,1,2
26.13065327,0.7795,0.50462963,2.9375,3,0.058594,0,2,1,2
25.12562814,0.866923216,0.610526316,2.9412,2.6667,0.055363,0.22222,2,1,2
27.38693467,0.69923106,0.515625,3,3,0,0,2,1,2
24.3718593,0.87333296,0.55,3,3,0,0,2,1,2
17.08542714,0.83569514,0.45,2,2,0.88889,1,2,2,3
16.83417085,0.86371683,0.521052632,1.4118,1,0.35986,0,2,2,3
14.8241206,0.95365,0.444444444,1.5789,1,0.45429,0,2,2,3
15.82914573,0.79463313,0.439814815,1.0625,1,0.058594,0,2,2,3
14.8241206,0.886688544,0.431578947,1.1176,1,0.10381,0,2,2,3
14.32160804,0.84515,0.515789474,1.5294,1,0.71972,0,2,2,3
14.57286432,0.829058353,0.49537037,1.3125,1,0.46484,0,2,2,3
13.5678392,0.783333438,0.315789474,1.0588,1.3333,0.055363,0.22222,2,2,3
12.31155779,0.8914,0.425,1.2222,1,0.17284,0,2,2,3
42.71356784,0.42010108,0.517482517,1.1111,1.0909,0.098765,0.082645,2,2,3
14.57286432,0.745,0.43697479,1,1,0,0,2,2,3
14.07035176,0.824796605,0.486111111,1.1875,1,0.15234,0,2,2,3
25.12562814,0.83575775,0.62962963,3.25,2.5,1.1875,2.25,2,2,3
24.3718593,0.889216808,0.584210526,1.7647,1,1.0035,0,2,2,3
25.6281407,0.779841648,0.61328125,2.1429,1.5,1.2653,1.25,2,2,3
22.61306533,0.860209976,0.39375,1.6111,1.5,1.0154,0.25,2,2,3
21.6080402,0.958225103,0.523809524,2.0526,1,1.5235,0,2,2,3
23.86934673,0.814,0.609243697,1.9333,1.4,0.72889,0.64,2,2,3
23.11557789,0.81030825,0.518518519,1.8125,1.5,1.1523,0.75,2,2,3
23.61809045,0.756748447,0.66015625,2.0714,1.1667,1.2092,0.13889,2,2,3
23.11557789,0.8491,0.613445378,1.4667,1,0.24889,0,2,2,3
22.36180905,0.917897381,0.626315789,2.0588,1,1.2318,0,2,2,3
22.61306533,0.917897381,0.555555556,1.375,1,0.23438,0,2,2,3
21.6080402,0.93421663,0.689473684,2.4118,1,1.4187,0,2,2,3
42.21105528,0.763686585,0.483193277,3.7333,4,0.32889,0,2,1,4
41.70854271,0.79105,0.532407407,3.8125,4,0.27734,0,2,1,4
43.46733668,0.726099132,0.555555556,3.9231,3.8571,0.071006,0.12245,2,1,4
41.45728643,0.871464775,0.705263158,4,3.6667,0,0.22222,2,1,4
40.95477387,0.825050165,0.610526316,4,4,0,0,2,1,4
41.70854271,0.79105,0.613445378,3.9333,3.6,0.062222,0.64,2,1,4
39.94974874,0.9315,0.75,3.9444,3.5,0.052469,0.25,2,1,4
41.70854271,0.78207094,0.64453125,3.9286,3.5,0.066327,0.58333,2,1,4
40.45226131,0.837142988,0.680555556,3.8125,3.5,0.27734,0.25,2,1,4
39.69849246,0.809166725,0.684210526,3.9412,3.6667,0.055363,0.22222,2,1,4
40.45226131,0.823383495,0.672268908,3.9333,3.6,0.062222,0.24,2,1,4
39.44723618,0.788690381,0.589473684,3.9412,4,0.055363,0,2,1,4
26.13065327,0.92075767,0.69375,3.7778,3.5,0.17284,0.25,2,1,4
42.96482412,0.530208518,0.524475524,4,3.9091,0,0.082645,2,1,4
24.3718593,0.8950001,0.65,4,4,0,0,2,1,4
25.37688442,0.74478047,0.583333333,4,4,0,0,2,1,4
25.6281407,0.83035372,0.638888889,3.9375,3.75,0.058594,0.1875,2,1,4
24.62311558,0.88905,0.642105263,3.8235,3.6667,0.14533,0.22222,2,1,4
22.86432161,0.704166585,0.71875,3.8333,3.5,0.25,0.25,2,1,4
25.37688442,0.767827995,0.59765625,3.7857,3.6667,0.31122,0.22222,2,1,4
24.62311558,0.76838355,0.571428571,3.8,3.8,0.29333,0.16,2,1,4
25.12562814,0.764595675,0.609375,4,3.6667,0,0.55556,2,1,4
26.13065327,0.704375165,0.666666667,3.9231,3.4286,0.071006,0.53061,2,1,4
25.12562814,0.7413,0.537037037,3.875,4,0.10938,0,2,1,4
44.97487437,0.962462677,0.69375,2.7222,1,1.7562,0,2,1,5
43.2160804,0.980516688,0.801587302,3.7368,3,0.5097,0,2,1,5
42.46231156,0.966312665,0.801587302,3.7368,3,0.5097,0,2,1,5
42.71356784,0.93106068,0.73125,3.7778,2.5,0.17284,2.25,2,1,5
31.90954774,0.983007145,0.73015873,3.1053,1,1.1468,0,2,1,5
20.85427136,0.89530266,0.666666667,2.625,1.5,1.8594,0.75,2,1,5
20.85427136,0.8757667,0.615740741,2.375,1.75,0.73438,0.6875,2,1,5
20.35175879,0.757391608,0.527777778,2.25,2,0.9375,1,2,1,5
42.71356784,0.627976274,0.755244755,2.7273,1.3333,1.4711,0.44444,2,1,5
20.85427136,0.8501,0.587962963,2.375,1.75,1.4844,0.6875,2,1,5
22.11055276,0.681875268,0.43359375,1.6429,1.8333,0.65816,0.80556,2,1,5
20.35175879,0.830499621,0.463157895,2.7647,3,1.1211,2,2,1,5
23.86934673,0.9566,0.763157895,3.5882,3,0.59516,0,2,1,5
23.11557789,0.913591853,0.678947368,3.1765,2,1.3218,2,2,1,5
23.36683417,0.85504986,0.685185185,2.8125,1.75,1.4023,0.6875,2,1,5
25.12562814,0.806868259,0.755555556,2.9231,1.5714,1.3018,0.53061,2,1,5
21.85929648,0.924008483,0.7,3.6667,3,0.55556,1,2,1,5
22.86432161,0.90171671,0.759259259,3,1.25,1.625,0.1875,2,1,5
22.86432161,0.857019855,0.652777778,3.1875,2.5,1.0273,1.25,2,1,5
22.61306533,0.834216688,0.597222222,2.9375,2.5,1.1836,1.25,2,1,5
19.59798995,0.968887905,0.595238095,2.3684,1,1.3906,0,2,1,5
21.6080402,0.94590866,0.902777778,3.625,1.25,0.23438,0.1875,2,1,5
21.85929648,0.84238307,0.680672269,3.1333,2.2,1.0489,1.36,2,1,5
22.36180905,0.814666765,0.73828125,3.5,2.5,0.53571,0.91667,2,1,5
46.23115578,0.98060506,0.857142857,3.9474,3,0.049861,0,2,1,6
18.59296482,0.8995,0.5375,3.2222,3.5,0.7284,0.25,2,1,6
21.35678392,0.752637506,0.511111111,2.8462,2.8571,1.2071,0.97959,2,1,6
19.84924623,0.832747377,0.49537037,3.125,3.25,0.35938,0.6875,2,1,6
19.34673367,0.91272687,0.777777778,3.25,2,0.6875,0.5,2,1,6
22.36180905,0.814393115,0.682142857,3.0833,2.375,0.90972,0.48438,2,1,6
21.35678392,0.717618955,0.640625,3.0714,2.5,1.2092,0.58333,2,1,6
20.10050251,0.812222486,0.569444444,3.4375,3.5,0.74609,0.25,2,1,6
20.10050251,0.811919319,0.546296296,3.3125,3.25,0.33984,0.6875,2,1,6
21.6080402,0.78272749,0.65234375,3.6429,3.3333,0.37245,0.22222,2,1,6
20.35175879,0.796515401,0.546296296,3.6875,3.75,0.21484,0.1875,2,1,6
23.36683417,0.628958375,0.610714286,3.75,3.25,0.35417,1.1875,2,1,6
26.38190955,0.9851,0.865079365,3.8947,2,0.094183,0,2,1,6
25.12562814,0.96567508,0.777777778,3.6842,3,0.32133,0,2,1,6
23.61809045,0.96655,0.801587302,3.7368,3,0.5097,0,2,1,6
42.71356784,0.45,0.6,3.625,3.0833,0.48438,1.2431,2,1,6
21.10552764,0.846716625,0.59375,3.8333,4,0.13889,0,2,1,6
19.34673367,0.926010185,0.7,3.6667,3,0.33333,1,2,1,6
19.84924623,0.7875,0.550925926,3.8125,4,0.52734,0,2,1,6
20.10050251,0.763958398,0.596638655,3.5333,3.4,1.0489,0.64,2,1,6
18.09045226,0.9839,0.89375,3.8889,1.5,0.098765,0.25,2,1,6
18.84422111,0.905302585,0.75,3.75,3,0.3125,0.5,2,1,6
18.09045226,0.86055522,0.647368421,3.7059,3,0.32526,2,2,1,6
18.84422111,0.784340864,0.605042017,3.6667,3.4,0.35556,0.64,2,1,6
38.44221106,0.856558438,0.7109375,2.5714,1.5,0.95918,0.58333,2,2,7
36.93467337,0.878591813,0.626315789,2.9412,2.3333,0.99654,0.88889,2,2,7
37.68844221,0.949008415,0.697478992,2.6667,1.6,1.1556,0.64,2,2,7
36.18090452,0.95823136,0.678947368,2.7647,1.6667,1.3564,0.22222,2,2,7
36.93467337,0.891698472,0.740740741,2.9375,1.5,1.3086,0.75,2,2,7
31.65829146,0.980775,0.647727273,3.15,NaN,1.1275,NaN,2,2,7
31.15577889,0.98065,0.556818182,2.75,NaN,1.1875,NaN,2,2,7
26.63316583,0.748626642,0.514814815,1.9231,1.7143,1.4556,1.0612,2,2,7
28.3919598,0.883332981,0.722222222,2.875,1.75,0.73438,0.6875,2,2,7
28.3919598,0.880819406,0.710084034,2.5333,1.4,0.64889,0.64,2,2,7
27.88944724,0.835333135,0.694444444,2.875,2,0.85938,0.5,2,2,7
27.63819095,0.893591995,0.657407407,2.8125,2,0.65234,1.5,2,2,7
34.92462312,0.98165,0.785714286,3.3684,1,0.759,0,2,2,7
34.17085427,0.97323133,0.8,3.2222,1,0.95062,0,2,2,7
32.4120603,0.941918214,0.7,3,2,1,0,2,2,7
31.90954774,0.905099859,0.731578947,3,1.6667,1.1765,0.22222,2,2,7
31.90954774,0.908080355,0.777777778,3.0625,1.5,0.68359,0.75,2,2,7
32.4120603,0.9095,0.701680672,3.4667,2.8,0.78222,0.56,2,2,7
30.90452261,0.946808313,0.736842105,2.9412,1.6667,0.99654,0.22222,2,2,7
30.65326633,0.85455,0.521052632,2.4706,2.3333,1.1903,1.5556,2,2,7
28.3919598,0.96409044,0.69047619,3.0526,2,0.89197,0,2,2,7
32.4120603,0.722878403,0.640740741,2.9231,2.2857,0.99408,1.0612,2,2,7
27.63819095,0.982025,0.746031746,3.1579,1,1.0803,0,2,2,7
26.88442211,0.91105,0.484126984,3.1579,4,0.44875,0,2,2,7
48.24120603,0.663636503,0.632142857,3.3333,2.875,0.88889,0.85938,2,2,8
49.74874372,0.740353295,0.742857143,3.4167,2.625,0.40972,0.23438,2,2,8
49.24623116,0.83105,0.615740741,3.1875,3,0.77734,0,2,2,8
48.74371859,0.89855,0.678947368,3.3529,3,0.81661,0,2,2,8
50,0.869390896,0.8828125,3.8571,2.3333,0.12245,0.55556,2,2,8
52.01005025,0.830833353,0.678571429,3.75,3.25,0.35417,0.4375,2,2,8
50,0.80232341,0.68907563,3.7333,3.2,0.32889,0.56,2,2,8
49.24623116,0.874930677,0.726851852,3.4375,2.25,0.87109,1.6875,2,2,8
48.74371859,0.924141485,0.768421053,3.7647,2.6667,0.17993,0.88889,2,2,8
46.98492462,0.945219825,0.571428571,3.4211,4,0.77008,0,2,2,8
46.98492462,0.86015166,0.55625,3.7222,4,0.20062,0,2,2,8
47.48743719,0.888333433,0.694444444,3.375,2.5,0.60938,1.25,2,2,8
47.2361809,0.890050165,0.703703704,3.625,3.25,0.60938,0.1875,2,2,8
47.73869347,0.86025269,0.68487395,3.7333,3.2,0.19556,0.56,2,2,8
45.9798995,0.9839,0.85625,3.6111,1.5,0.34877,0.25,2,2,8
46.48241206,0.755824437,0.550925926,3.625,3.75,0.48438,0.1875,2,2,8
43.96984925,0.96873639,0.722222222,3.2105,2,0.69252,0,2,2,8
45.47738693,0.89455,0.75,3.1875,2,1.0273,0.5,2,2,8
45.72864322,0.745625063,0.642857143,3.6667,3,0.48889,1.6,2,2,8
47.2361809,0.842742438,0.685185185,3.4615,3,0.71006,0.28571,2,2,8
43.71859296,0.938676469,0.75,3.4444,2.5,0.80247,0.25,2,2,8
46.48241206,0.775,0.73046875,3.5714,2.5,0.2449,1.25,2,2,8
47.2361809,0.627626009,0.459259259,2.9231,3.4286,1.6095,0.2449,2,2,8
44.97487437,0.877133233,0.673684211,3.4118,2.6667,0.7128,1.5556,2,2,8
20.85427136,0.770466625,0.605042017,3,2.6,0.8,0.24,2,1,9
23.86934673,0.72355,0.735714286,3.0833,2,1.2431,0.25,2,1,9
37.18592965,0.673636084,0.671328671,3.4545,2.8889,0.97521,0.76543,2,1,9
50.75376884,0.768022188,0.6640625,3.5,2.8333,0.53571,1.1389,2,1,9
47.98994975,0.984435715,0.83125,3.5,2,0.36111,0,2,1,9
49.49748744,0.741262829,0.529411765,3.7333,3.8,0.19556,0.16,2,1,9
50.25125628,0.747916853,0.60546875,4,3.8333,0,0.13889,2,1,9
48.99497487,0.802,0.583333333,3.75,3.75,0.3125,0.1875,2,1,9
46.23115578,0.9354036,0.666666667,3.8421,4,0.13296,0,2,1,9
45.9798995,0.92636371,0.682539683,3.8947,4,0.094183,0,2,1,9
46.98492462,0.90191881,0.742105263,3.7647,3,0.29758,0.66667,2,1,9
46.48241206,0.867,0.708333333,3.875,3.25,0.10938,0.6875,2,1,9
33.41708543,0.8885,0.731481481,3.375,2.5,0.35938,0.75,2,1,9
36.18090452,0.590050627,0.471428571,3.4167,3.625,0.57639,0.23438,2,1,9
35.1758794,0.80645829,0.71484375,3.7857,3.1667,0.16837,0.47222,2,1,9
39.1959799,0.548791111,0.555944056,3.2727,3.1111,1.1074,0.98765,2,1,9
35.92964824,0.86141375,0.578947368,3.1176,3,0.45675,0,2,1,9
37.18592965,0.77338321,0.6875,3.3571,2.8333,0.37245,0.13889,2,1,9
47.2361809,0.499755998,0.472027972,3.2222,3.2727,0.39506,0.56198,2,1,9
38.44221106,0.766190121,0.541666667,3.1875,3.25,1.1523,0.6875,2,1,9
35.1758794,0.969645485,0.761904762,3.6316,3,0.33795,0,2,1,9
38.69346734,0.786643675,0.6328125,3.4286,3,0.53061,0.66667,2,1,9
38.94472362,0.774615627,0.609375,3.2143,2.8333,0.88265,0.80556,2,1,9
39.44723618,0.73955,0.659259259,2.7692,2.1429,0.94675,0.40816,2,1,9
38.19095477,0.895725125,0.680555556,2.8125,2.25,0.27734,0.1875,2,2,10
37.18592965,0.932808233,0.726315789,3.4118,2.6667,0.59516,0.22222,2,2,10
37.18592965,0.946423698,0.8,3.1176,2,0.3391,0,2,2,10
36.18090452,0.903909581,0.605263158,2.9412,2.6667,0.17301,0.22222,2,2,10
35.1758794,0.94045358,0.65625,3,2.5,0.22222,0.25,2,2,10
36.4321608,0.780160017,0.470588235,2.3333,2.4,0.22222,0.24,2,2,10
34.42211055,0.962372765,0.68125,2.7222,2,0.31173,0,2,2,10
35.1758794,0.869266648,0.657407407,2.75,2.25,0.3125,0.1875,2,2,10
34.92462312,0.83196883,0.648148148,2.625,2,0.60938,0,2,2,10
34.67336683,0.8971,0.708333333,2.6875,2,0.33984,0,2,2,10
37.18592965,0.65555,0.610714286,2.6667,2.375,0.22222,0.23438,2,2,10
33.16582915,0.912441523,0.4375,2.6667,3,0.33333,0,2,2,10
18.59296482,0.8636,0.68487395,3.1333,2.4,0.38222,0.64,2,2,10
42.71356784,0.435303317,0.55,2.375,2.25,0.48438,0.6875,2,2,10
21.10552764,0.702907239,0.607407407,2.9231,2.5714,0.99408,0.53061,2,2,10
18.84422111,0.88636322,0.55,3,3,0.33333,0,2,2,10
19.09547739,0.92081929,0.768421053,3.2941,2.3333,0.32526,0.22222,2,2,10
20.10050251,0.873333433,0.731092437,3.4,2.6,0.24,0.64,2,2,10
16.58291457,0.96388842,0.650793651,3.2632,3,0.5097,0,2,2,10
16.83417085,0.934847571,0.6375,3,2.5,0.55556,0.25,2,2,10
17.83919598,0.879393555,0.699074074,2.9375,2.25,0.43359,0.1875,2,2,10
16.08040201,0.854425125,0.5125,3.2222,3.5,0.28395,0.25,2,2,10
18.34170854,0.699841733,0.625925926,2.9231,2.5714,0.53254,0.53061,2,2,10
16.58291457,0.874885352,0.731481481,3.4375,2.75,0.37109,0.1875,2,2,10
40.95477387,0.878127112,0.563157895,3.0588,3,1.2318,0.66667,2,1,11
42.21105528,0.772253085,0.655462185,3.3333,2.6,1.2889,1.84,2,1,11
42.21105528,0.796208891,0.588235294,3,2.6,0.93333,1.44,2,1,11
41.45728643,0.927676376,0.828703704,3.3125,1.25,1.0898,0.1875,2,1,11
44.22110553,0.6675,0.632142857,3,2.375,1,1.2344,2,1,11
41.20603015,0.846698538,0.621052632,3.2941,3,0.91349,0.66667,2,1,11
42.21105528,0.83666679,0.672268908,3.3333,2.4,0.62222,1.84,2,1,11
40.20100503,0.92025207,0.64375,3.2778,2.5,0.86728,2.25,2,1,11
41.70854271,0.87855,0.764705882,3.3333,1.8,0.88889,1.36,2,1,11
40.20100503,0.936918224,0.694736842,3.1765,2.3333,1.0865,0.88889,2,1,11
38.19095477,0.960466768,0.714285714,3.4737,3,0.45983,0,2,1,11
39.69849246,0.863282945,0.657407407,2.9375,2,1.5586,1.5,2,1,11
33.91959799,0.963896197,0.8375,3.5,1.5,0.47222,0.25,2,1,11
33.66834171,0.96555509,0.889473684,3.5882,1,0.47751,0,2,1,11
31.90954774,0.959216768,0.746031746,3.3684,2,0.86427,0,2,1,11
29.14572864,0.98372143,0.795454545,3.8,NaN,0.26,NaN,2,1,11
42.71356784,0.54205,0.475524476,2.3636,2.4444,1.1405,0.69136,2,1,11
29.14572864,0.87355,0.722222222,3.4375,2.5,0.62109,0.75,2,1,11
27.88944724,0.906918841,0.768421053,3.1765,1.6667,1.0865,0.22222,2,1,11
28.64321608,0.977600018,0.840336134,3.5333,1.8,0.64889,0.56,2,1,11
26.63316583,0.954716505,0.60625,3.4444,3.5,0.69136,0.25,2,1,11
30.65326633,0.767619139,0.682142857,3.5833,2.75,0.40972,1.1875,2,1,11
26.38190955,0.964645995,0.775,3.2778,1.5,1.0895,0.25,2,1,11
26.63316583,0.951060165,0.763157895,3.3529,2,1.1696,0.66667,2,1,11
56.28140704,0.51550499,0.527777778,3.3,3.2,0.21,0.36,2,1,12
58.29145729,0.505000165,0.594405594,3.4444,3.1818,0.24691,0.14876,2,1,12
53.76884422,0.696041688,0.545454545,3.4545,3.3333,0.42975,0.44444,2,1,12
53.76884422,0.535,0.482517483,3.2727,3.3333,0.19835,0.22222,2,1,12
52.51256281,0.576666728,0.407142857,2.75,3.125,0.6875,0.10938,2,1,12
49.24623116,0.78355,0.50462963,2.9375,3,0.30859,0,2,1,12
50.75376884,0.584166523,0.34375,3,3.6667,0.57143,0.22222,2,1,12
56.28140704,0.583383907,0.625,3.4,3,0.24,0.4,2,1,12
52.51256281,0.69405,0.635714286,3.1667,2.75,0.47222,0.1875,2,1,12
48.74371859,0.843022097,0.621052632,3.7647,3.6667,0.17993,0.22222,2,1,12
53.76884422,0.573989805,0.524475524,3.3636,3.3333,0.59504,0.44444,2,1,12
52.51256281,0.643750103,0.464285714,3.25,3.375,0.1875,0.23438,2,1,12
47.2361809,0.80955,0.587962963,3.5625,3.5,0.37109,0.25,2,1,12
48.74371859,0.64088325,0.58203125,3.7857,3.6667,0.16837,0.22222,2,1,12
48.49246231,0.817302942,0.630252101,4,3.8,0,0.16,2,1,12
47.2361809,0.800707305,0.592592593,3.8125,3.75,0.15234,0.1875,2,1,12
50.50251256,0.764545114,0.689285714,3.8333,3.375,0.13889,0.23438,2,1,12
48.74371859,0.775050125,0.554621849,3.8,3.8,0.16,0.16,2,1,12
47.98994975,0.8987168,0.671296296,3.8125,3.5,0.15234,0.25,2,1,12
47.98994975,0.83035372,0.611111111,3.75,3.5,0.5625,0.75,2,1,12
47.98994975,0.9113,0.782407407,3.6875,3,0.21484,0,2,1,12
48.99497487,0.885883375,0.87890625,3.9286,2.8333,0.066327,0.13889,2,1,12
45.22613065,0.918383313,0.650793651,3.7895,4,0.1662,0,2,1,12
46.98492462,0.888346832,0.717592593,3.9375,3.5,0.058594,0.25,2,1,12
49.24623116,0.82666679,0.541666667,3.125,3.25,1.6094,0.6875,2,2,13
51.50753769,0.655466665,0.47037037,2.4615,2.5714,0.86391,0.81633,2,2,13
49.24623116,0.808236967,0.523148148,2.4375,2.25,1.3711,1.1875,2,2,13
49.24623116,0.887322881,0.768518519,3.625,2,0.98438,1.5,2,2,13
56.28140704,0.582499978,0.673611111,3.2,2.4,0.96,1.04,2,2,13
52.51256281,0.670959001,0.635714286,2.9167,2.25,1.7431,0.4375,2,2,13
51.50753769,0.7565,0.6,2.8462,2.2857,1.8225,0.77551,2,2,13
48.74371859,0.91588325,0.747368421,3.2353,2,1.1211,0,2,2,13
50.75376884,0.710833322,0.60546875,3.1429,2.8333,0.69388,0.13889,2,2,13
56.28140704,0.658591648,0.708333333,3.5,2.6,0.65,0.84,2,2,13
58.29145729,0.458131047,0.555944056,2.7778,2.4545,1.284,0.42975,2,2,13
53.76884422,0.6538,0.730769231,3.4545,2.4444,0.79339,0.46914,2,2,13
51.50753769,0.73186848,0.722222222,3.3846,2,1.1598,1.7143,2,2,13
53.76884422,0.514166728,0.440559441,2.2727,2.5556,0.92562,0.91358,2,2,13
58.29145729,0.536954595,0.716783217,3.2222,2.1818,1.284,0.33058,2,2,13
50.75376884,0.77651485,0.65625,3.0714,2.3333,1.6378,1.2222,2,2,13
51.50753769,0.762962249,0.622222222,2.5385,1.8571,1.4793,0.69388,2,2,13
56.28140704,0.526041625,0.520833333,3,2.9,1,1.09,2,2,13
61.05527638,0.28405,0.575630252,3,2.6,0.8,0.64,2,2,13
51.50753769,0.680494704,0.518518519,2.8462,2.8571,1.5148,0.69388,2,2,13
49.24623116,0.8663,0.689814815,2.75,1.75,0.9375,0.6875,2,2,13
48.74371859,0.866954586,0.578947368,3.1176,3,0.69204,0,2,2,13
52.51256281,0.547669131,0.378571429,2.5,3,0.91667,0.75,2,2,13
56.28140704,0.54291182,0.565972222,2.9,2.6,1.49,0.64,2,2,13
55.02512563,0.54155,0.631944444,2.6,1.9,1.64,0.69,2,2,14
51.00502513,0.65055,0.537037037,2.6923,2.5714,0.8284,0.81633,2,2,14
50.75376884,0.895883061,0.8125,3.1429,1.3333,0.97959,0.55556,2,2,14
46.98492462,0.960466768,0.73015873,3.5263,3,0.35457,0,2,2,14
49.24623116,0.9251,0.782407407,3.6875,3,0.21484,0,2,2,14
53.26633166,0.57205,0.56993007,3.3636,3,0.41322,1.1111,2,2,14
51.50753769,0.827550045,0.759259259,3.4615,2.2857,0.40237,1.0612,2,2,14
47.98994975,0.945883438,0.725,3.2222,2,0.7284,1,2,2,14
46.98492462,0.94655,0.603174603,3.0526,3,0.89197,0,2,2,14
49.74874372,0.7545,0.508403361,2.6,2.6,0.90667,1.44,2,2,14
53.01507538,0.573737472,0.520979021,2.8182,2.7778,1.2397,0.83951,2,2,14
50,0.881313845,0.765625,2.9286,1.6667,0.78061,0.55556,2,2,14
36.4321608,0.80605,0.6875,3.2143,2.3333,0.88265,1.2222,2,2,14
36.93467337,0.79505,0.6875,3.4286,2.6667,0.67347,0.88889,2,2,14
36.4321608,0.817373349,0.651260504,3.2,2.6,1.0933,1.04,2,2,14
33.16582915,0.975754405,0.666666667,2.6842,1,0.84765,0,2,2,14
35.42713568,0.83366637,0.569444444,3.3125,3.25,0.33984,0.1875,2,2,14
35.1758794,0.85355,0.587962963,2.9375,2.75,0.93359,0.1875,2,2,14
33.91959799,0.87155,0.615789474,3.1765,3,0.61592,0,2,2,14
33.16582915,0.88868645,0.689473684,3.2941,2.6667,0.6782,0.22222,2,2,14
33.91959799,0.896110751,0.75,3.3125,2.25,0.71484,0.6875,2,2,14
33.66834171,0.862857049,0.555555556,2.75,2.5,1.3125,1.25,2,2,14
33.16582915,0.852142643,0.625,3.1875,2.75,1.1523,1.1875,2,2,14
32.16080402,0.870555145,0.594736842,3.1176,3,0.92734,0,2,2,14
34.17085427,0.982073075,0.715909091,3.45,NaN,0.2475,NaN,2,1,15
35.1758794,0.898282445,0.59375,2.7778,2.5,0.39506,0.25,2,1,15
35.42713568,0.826148999,0.621848739,2.6667,2.2,0.22222,0.56,2,1,15
36.18090452,0.768291991,0.67578125,2.5714,1.8333,0.53061,0.47222,2,1,15
35.42713568,0.891808395,0.777310924,3.0667,1.8,0.59556,0.56,2,1,15
33.66834171,0.900050575,0.59375,3.0556,2.5,0.71914,2.25,2,1,15
34.67336683,0.90109171,0.773148148,3.125,1.75,0.60938,0.6875,2,1,15
33.66834171,0.89813093,0.663157895,2.9412,2.3333,0.87889,0.22222,2,1,15
31.40703518,0.97742324,0.746031746,3.1053,1,0.72576,0,2,1,15
28.3919598,0.9802,0.556818182,2.75,NaN,0.2875,NaN,2,1,15
24.12060302,0.9766,0.775,3.1111,1.5,0.65432,0.25,2,1,15
42.71356784,0.672133313,0.684027778,2.9,2.2,0.69,0.56,2,1,15
21.10552764,0.764280978,0.663865546,3.2667,2.6,0.59556,1.04,2,1,15
20.60301508,0.853676604,0.680555556,3.25,2.75,0.6875,0.1875,2,1,15
42.71356784,0.599166523,0.472027972,2.8182,2.8889,0.5124,0.98765,2,1,15
21.6080402,0.8414585,0.483193277,2.8,3,1.0933,0.4,2,1,15
21.85929648,0.66949476,0.365546218,2.8,3.4,0.56,0.24,2,1,15
22.11055276,0.872777496,0.781512605,3.1333,1.8,0.91556,0.16,2,1,15
21.10552764,0.9526,0.684210526,2.8824,2,1.1626,0,2,1,15
20.60301508,0.871666648,0.652631579,3.3529,2.6667,0.58131,1.5556,2,1,15
22.11055276,0.755,0.59765625,2.9286,2.6667,0.35204,0.88889,2,1,15
21.10552764,0.791716739,0.560185185,2.8125,2.75,1.0273,0.1875,2,1,15
42.71356784,0.683461685,0.576923077,2.9091,2.5556,0.80992,1.1358,2,1,15
21.85929648,0.796716814,0.512605042,2.8,2.8,0.82667,0.16,2,1,15
20.60301508,0.690659656,0.585185185,4,3.8571,0,0.12245,2,1,16
17.08542714,0.9365,0.698412698,3.9474,4,0.049861,0,2,1,16
18.09045226,0.887,0.684210526,3.9412,3.6667,0.055363,0.22222,2,1,16
18.09045226,0.84405,0.680555556,3.8125,3.5,0.27734,0.25,2,1,16
17.33668342,0.88397843,0.589473684,3.9412,4,0.055363,0,2,1,16
16.33165829,0.906716505,0.684210526,3.9412,3.6667,0.055363,0.22222,2,1,16
17.5879397,0.838175,0.756302521,3.8,3.2,0.16,0.16,2,1,16
17.33668342,0.79121229,0.579831933,3.8667,3.8,0.11556,0.16,2,1,16
16.58291457,0.878125228,0.726851852,3.9375,3.25,0.058594,0.6875,2,1,16
15.82914573,0.903676471,0.694736842,3.9412,3.3333,0.055363,0.88889,2,1,16
14.8241206,0.967221755,0.85,3.8889,3,0.098765,0,2,1,16
16.33165829,0.822221946,0.726890756,3.8667,3.2,0.11556,0.56,2,1,16
25.6281407,0.8663,0.589473684,3.9412,4,0.055363,0,2,1,16
27.13567839,0.878799835,0.75390625,3.9286,3.3333,0.066327,0.22222,2,1,16
26.38190955,0.824999848,0.672268908,3.9333,3.6,0.062222,0.24,2,1,16
24.62311558,0.915707165,0.7125,3.8333,3.5,0.13889,0.25,2,1,16
25.87939698,0.78489921,0.630252101,4,3.8,0,0.16,2,1,16
24.87437186,0.873,0.589473684,3.9412,4,0.055363,0,2,1,16
24.12060302,0.83104146,0.568421053,3.8824,4,0.10381,0,2,1,16
24.87437186,0.784047287,0.554621849,3.8,3.8,0.16,0.16,2,1,16
24.62311558,0.79641386,0.638888889,3.9375,3.75,0.058594,0.1875,2,1,16
22.61306533,0.876648481,0.6125,3.8889,4,0.098765,0,2,1,16
22.86432161,0.887322881,0.721052632,3.7647,3.3333,0.29758,0.22222,2,1,16
21.85929648,0.8909092,0.6125,3.8889,4,0.098765,0,2,1,16
36.18090452,0.9561,0.775,3.6667,3,0.22222,0,2,2,17
35.1758794,0.975516648,0.775,3.6667,3,0.22222,0,2,2,17
36.93467337,0.786044182,0.6328125,3.7143,3.3333,0.20408,0.55556,2,2,17
36.18090452,0.895764468,0.831932773,3.7333,2.6,0.32889,0.24,2,2,17
34.92462312,0.94777735,0.852631579,3.8824,3,0.10381,0,2,2,17
30.65326633,0.98438077,0.784090909,3.75,NaN,0.1875,NaN,2,2,17
33.91959799,0.919880732,0.694736842,3.7059,3.3333,0.20761,0.22222,2,2,17
35.92964824,0.746458273,0.577777778,3.2308,3,0.33136,0.57143,2,2,17
32.16080402,0.795105195,0.5375,3.6667,4,0.22222,0,2,2,17
33.41708543,0.93081439,0.798319328,3.7333,3,0.19556,0,2,2,17
33.41708543,0.83833321,0.648148148,3.75,3.5,0.1875,0.25,2,2,17
31.90954774,0.96509996,0.83125,3.8333,3,0.13889,0,2,2,17
49.24623116,0.81770829,0.634259259,3.5,3.25,0.25,0.1875,2,2,17
49.24623116,0.875274873,0.703703704,3.125,2.5,0.23438,0.25,2,2,17
52.51256281,0.6415,0.653571429,2.9167,2.375,0.57639,0.23438,2,2,17
50.75376884,0.797549951,0.6328125,3.2857,2.8333,0.34694,0.80556,2,2,17
49.24623116,0.888621231,0.736111111,3.5625,3,0.24609,0,2,2,17
50.75376884,0.721009961,0.58984375,3.5,3.3333,0.25,0.22222,2,2,17
50,0.737450165,0.504201681,3.1333,3.2,0.11556,0.16,2,2,17
48.74371859,0.872302843,0.531578947,2.6471,2.6667,0.34602,0.88889,2,2,17
48.99497487,0.864425,0.712962963,3.5,3,0.25,0,2,2,17
46.73366834,0.959683313,0.73015873,3.5263,3,0.24931,0,2,2,17
48.74371859,0.712618966,0.521008403,3.5333,3.6,0.24889,0.24,2,2,17
50,0.700303133,0.603703704,3.6154,3.4286,0.39053,0.2449,2,2,17
43.71859296,0.98292778,0.80952381,3.4737,1,0.24931,0,2,2,18
36.4321608,0.9851,0.873015873,4,3,0,0,2,2,18
35.42713568,0.8807572,0.5875,3.6667,4,0.88889,0,2,2,18
34.92462312,0.907966688,0.74375,3.8333,2.5,0.13889,2.25,2,2,18
33.16582915,0.89455,0.673684211,3.6471,3.3333,0.22837,0.22222,2,2,18
33.16582915,0.911464245,0.794736842,3.9412,2.6667,0.055363,1.5556,2,2,18
32.66331658,0.842,0.589473684,3.9412,4,0.055363,0,2,2,18
30.40201005,0.980516688,0.857142857,3.9474,3,0.049861,0,2,2,18
31.15577889,0.921161205,0.705263158,3.5882,2.6667,0.35986,1.5556,2,2,18
31.40703518,0.91805,0.763888889,3.625,2.25,0.98438,1.6875,2,2,18
29.39698492,0.94095965,0.78125,4,2.5,0,2.25,2,2,18
32.16080402,0.636212424,0.518518519,3.5385,3.5714,0.71006,0.53061,2,2,18
50,0.81234146,0.5390625,3.1429,3,0.69388,1,2,2,18
47.98994975,0.886666853,0.705263158,4,3.6667,0,0.22222,2,2,18
46.98492462,0.9851,0.90625,3.9444,1,0.052469,0,2,2,18
45.47738693,0.91105,0.53968254,3.2632,4,1.1413,0,2,2,18
47.73869347,0.78405,0.647058824,3.7333,3.2,0.59556,1.36,2,2,18
47.98994975,0.820675,0.73046875,4,3.1667,0,0.80556,2,2,18
43.96984925,0.9758581,0.801587302,3.6316,2,0.65374,0,2,2,18
44.47236181,0.967907171,0.85625,3.6111,1,0.6821,0,2,2,18
47.2361809,0.767637568,0.6015625,3.7857,3.3333,0.16837,1.2222,2,2,18
45.9798995,0.8775,0.768907563,3.9333,2.6,0.062222,1.44,2,2,18
44.22110553,0.888383313,0.757894737,3.7059,2.3333,0.6782,1.5556,2,2,18
42.46231156,0.878621194,0.626984127,3.6842,4,0.32133,0,2,2,18
37.93969849,0.67511912,0.55859375,2.7857,2.6667,1.3112,0.22222,2,1,19
40.20100503,0.85755004,0.825,3.5833,2.125,0.40972,0.85938,2,1,19
38.94472362,0.9015,0.708333333,3.5,2.75,0.75,0.6875,2,1,19
39.94974874,0.91855,0.8125,3.1429,1.6667,0.83673,0.22222,2,1,19
39.44723618,0.827857091,0.697478992,3.2,2.4,0.56,0.64,2,1,19
42.21105528,0.603737073,0.528571429,2.5833,2.375,0.90972,0.73438,2,1,19
44.22110553,0.741666795,0.58041958,3,2.6667,1.0909,0.88889,2,1,19
52.51256281,0.637929387,0.79020979,3.3333,1.8182,0.44444,1.2397,2,1,19
47.98994975,0.955675063,0.75625,3.4444,2.5,0.46914,0.25,2,1,19
49.74874372,0.79505004,0.774074074,3.3846,2.1429,1.0059,0.40816,2,1,19
51.25628141,0.616616378,0.464285714,2.3333,2.5,0.88889,1.25,2,1,19
52.01005025,0.673951277,0.625,2.4167,1.875,0.90972,1.1094,2,1,19
23.61809045,0.95405,0.789473684,2.6471,1,0.46367,0,2,1,19
21.85929648,0.93805,0.595238095,3,3,1.2632,0,2,1,19
24.87437186,0.649747704,0.503703704,2.6923,2.7143,1.4438,1.0612,2,1,19
23.36683417,0.790625,0.634453782,2.8667,2.2,0.91556,1.36,2,1,19
24.87437186,0.67838343,0.474074074,2.4615,2.5714,1.1716,0.81633,2,1,19
25.12562814,0.718626567,0.662962963,2.9231,2.1429,0.84024,1.2653,2,1,19
27.63819095,0.6385,0.592857143,3,2.5,1.3333,1.5,2,1,19
32.16080402,0.667307899,0.635714286,3.0833,2.5,1.0764,1,2,1,19
47.98994975,0.951973115,0.725,3.7778,3,0.17284,1,2,1,19
40.45226131,0.940454095,0.603174603,3.5263,4,0.77562,0,2,1,19
37.43718593,0.686313908,0.551851852,2.4615,2.2857,0.55621,0.20408,2,1,19
38.69346734,0.741091563,0.525210084,2.8667,2.8,1.0489,0.96,2,1,19
12.56281407,0.80150842,0.512605042,2.9333,3,1.1289,0.4,2,2,20
13.31658291,0.884285456,0.6875,3.2143,2.3333,0.59694,1.2222,2,2,20
42.71356784,0.73255,0.7,2.4167,1.625,0.74306,0.23438,2,2,20
22.86432161,0.949097361,0.619047619,3.6316,4,0.54848,0,2,2,20
15.07537688,0.719090953,0.5625,2.6429,2.3333,1.6582,1.2222,2,2,20
13.5678392,0.973641648,0.84375,3.5,1,0.69444,0,2,2,20
13.31658291,0.819011122,0.610526316,3.2353,3,1.0035,0.66667,2,2,20
12.81407035,0.945151085,0.784210526,3.2941,1.6667,0.79585,0.88889,2,2,20
11.80904523,0.960258375,0.80625,3.3889,1.5,0.79321,0.25,2,2,20
13.5678392,0.79005,0.69921875,3.0714,2,1.2092,1.3333,2,2,20
14.32160804,0.721716768,0.644444444,2.9231,2.2857,0.84024,0.77551,2,2,20
10.05025126,0.950858105,0.563492063,2.8947,3,1.1468,0,2,2,20
20.60301508,0.854008398,0.701680672,3.4667,2.8,0.78222,0.56,2,2,20
20.60301508,0.928296782,0.68487395,3.1333,2.2,0.91556,1.36,2,2,20
19.84924623,0.91616172,0.777777778,3.6875,2.25,0.71484,1.6875,2,2,20
18.59296482,0.973671451,0.81875,3.6111,2,0.57099,0,2,2,20
17.83919598,0.97050407,0.8125,3.6111,2,0.57099,1,2,2,20
19.34673367,0.780303215,0.617647059,3.6667,3.4,0.62222,0.64,2,2,20
18.34170854,0.825356773,0.638888889,3.5,3,0.625,1,2,2,20
15.57788945,0.977170715,0.76984127,3.3158,1,0.95291,0,2,2,20
18.09045226,0.923686491,0.924369748,3.9333,1.4,0.062222,0.64,2,2,20
16.08040201,0.936875143,0.5875,3.3333,3.5,1,0.25,2,2,20
17.83919598,0.838181975,0.67578125,3.3571,2.6667,0.65816,0.88889,2,2,20
16.83417085,0.89905,0.802521008,3.1333,1.6,0.91556,0.24,2,2,20
39.69849246,0.638676565,0.629370629,3.5455,3.2222,0.24793,0.17284,3,2,1
36.18090452,0.839450815,0.731092437,3.7333,3.2,0.19556,0.16,3,2,1
35.92964824,0.8285,0.662037037,4,3.75,0,0.1875,3,2,1
44.72361809,0.673541585,0.767361111,3.9,3.2,0.09,0.16,3,2,1
46.23115578,0.548332775,0.614583333,3.6,3.3,0.24,0.21,3,2,1
50,0.845714501,0.714285714,3.8667,3.4,0.11556,0.24,3,2,1
48.74371859,0.822,0.526315789,3.7647,4,0.17993,0,3,2,1
48.74371859,0.800258353,0.569444444,3.75,3.75,0.1875,0.1875,3,2,1
47.2361809,0.959061004,0.83125,3.8333,3,0.13889,0,3,2,1
47.98994975,0.820606265,0.615740741,3.875,3.75,0.10938,0.1875,3,2,1
49.74874372,0.623958335,0.459259259,3.5385,3.7143,0.24852,0.20408,3,2,1
50,0.7067175,0.562962963,3.5385,3.4286,0.24852,0.2449,3,2,1
24.3718593,0.903836312,0.789473684,3.7059,3,0.20761,0,3,2,1
22.11055276,0.936,0.682539683,3.8947,4,0.094183,0,3,2,1
21.35678392,0.94055,0.714285714,4,4,0,0,3,2,1
18.34170854,0.939375143,0.75,3.9444,3.5,0.052469,0.25,3,2,1
16.08040201,0.699762176,0.529411765,3.7333,3.8,0.19556,0.16,3,2,1
19.09547739,0.6635,0.555555556,3.9231,3.8571,0.071006,0.12245,3,2,1
19.84924623,0.775707356,0.740740741,4,3.4286,0,0.2449,3,2,1
21.6080402,0.674505771,0.596428571,3.8333,3.625,0.13889,0.23438,3,2,1
32.91457286,0.93085866,0.73125,3.8889,3.5,0.098765,0.25,3,2,1
22.36180905,0.94005,0.698412698,3.9474,4,0.049861,0,3,2,1
21.6080402,0.807582644,0.739495798,3.9333,3.4,0.062222,0.24,3,2,1
20.60301508,0.885333495,0.578947368,3.6471,3.6667,0.22837,0.22222,3,2,1
30.15075377,0.907138034,0.642105263,2.7647,2.3333,0.17993,0.22222,3,1,2
31.40703518,0.746423743,0.5546875,2.6429,2.5,0.22959,0.25,3,1,2
30.40201005,0.80808103,0.537037037,2.8125,2.75,0.15234,0.1875,3,1,2
27.88944724,0.890883353,0.428571429,2.5263,3,0.24931,0,3,1,2
29.64824121,0.870883379,0.638888889,2.875,2.5,0.10938,0.25,3,1,2
29.89949749,0.77255,0.554621849,2.7333,2.6,0.19556,0.24,3,1,2
29.39698492,0.83994911,0.68907563,2.7333,2.2,0.19556,0.16,3,1,2
29.14572864,0.824216585,0.722689076,3,2.4,0,0.24,3,1,2
29.64824121,0.819292494,0.663865546,2.6667,2.2,0.22222,0.16,3,1,2
27.63819095,0.894424818,0.5125,2.8889,3,0.098765,0,3,1,2
28.64321608,0.80605,0.560185185,2.875,2.75,0.10938,0.1875,3,1,2
28.3919598,0.875883353,0.648148148,2.6875,2.25,0.21484,0.1875,3,1,2
36.4321608,0.93065561,0.571428571,3,3,0,0,3,1,2
35.1758794,0.94055459,0.571428571,3,3,0,0,3,1,2
35.1758794,0.914841648,0.65,2.9444,2.5,0.052469,0.25,3,1,2
34.17085427,0.794,0.527777778,3,3,0,0,3,1,2
29.64824121,0.9802,0.613636364,3,NaN,0,NaN,3,1,2
29.39698492,0.94740773,0.571428571,3,3,0,0,3,1,2
19.34673367,0.94740773,0.65,2.9444,2.5,0.052469,0.25,3,1,2
17.5879397,0.6775,0.46484375,2.7143,2.8333,0.20408,0.13889,3,1,2
20.35175879,0.687261941,0.688888889,2.9231,2.4286,0.071006,0.2449,3,1,2
21.10552764,0.7115,0.607407407,2.8462,2.5714,0.13018,0.2449,3,1,2
18.84422111,0.88009986,0.536842105,3,3,0,0,3,1,2
21.35678392,0.614444759,0.474074074,2.7692,2.8571,0.17751,0.12245,3,1,2
17.83919598,0.75805,0.462184874,1.0667,1,0.062222,0,3,2,3
16.08040201,0.87202319,0.389473684,1,1,0,0,3,2,3
15.32663317,0.8626,0.389473684,1,1,0,0,3,2,3
15.07537688,0.84646479,0.389473684,1,1,0,0,3,2,3
15.82914573,0.83433092,0.416666667,1,1,0,0,3,2,3
13.5678392,0.84510014,0.35,1,1,0,0,3,2,3
14.57286432,0.70999979,0.416666667,1,1,0,0,3,2,3
16.33165829,0.62868674,0.466666667,1,1,0,0,3,2,3
15.07537688,0.76215,0.462184874,1.0667,1,0.062222,0,3,2,3
42.71356784,0.549,0.48951049,1,1,0,0,3,2,3
18.84422111,0.611919045,0.510714286,1.0833,1,0.076389,0,3,2,3
32.16080402,0.98157857,0.579545455,2.85,NaN,1.6275,NaN,3,2,3
16.83417085,0.949139925,0.555555556,2.2105,1,1.3241,0,3,2,3
16.83417085,0.83505,0.472222222,1.25,1,0.4375,0,3,2,3
42.71356784,0.58131258,0.579861111,1.3,1,0.41,0,3,2,3
42.71356784,0.461767215,0.552447552,1.1111,1,0.098765,0,3,2,3
18.34170854,0.839266648,0.486111111,1.1875,1,0.15234,0,3,2,3
24.62311558,0.76701791,0.546428571,1.25,1,0.35417,0,3,2,3
42.71356784,0.9851,0.840909091,4,NaN,0,NaN,3,2,3
30.40201005,0.936428641,0.5,2.9474,4,1.9446,0,3,2,3
25.37688442,0.89958358,0.718487395,2.8,1.6,1.2267,1.44,3,2,3
21.10552764,0.9802,0.25,1.4,NaN,0.44,NaN,3,2,3
21.10552764,0.940353065,0.412698413,2.0526,2,1.4183,0,3,2,3
21.85929648,0.85479759,0.452631579,1.3529,1,0.93426,0,3,2,3
42.71356784,0.984525,0.829545455,3.95,NaN,0.0475,NaN,3,1,4
42.21105528,0.9851,0.840909091,4,NaN,0,NaN,3,1,4
42.71356784,0.89055,0.705263158,4,3.6667,0,0.22222,3,1,4
39.1959799,0.938800205,0.682539683,3.8947,4,0.094183,0,3,1,4
27.88944724,0.91636373,0.778947368,3.9412,3.3333,0.055363,0.22222,3,1,4
27.88944724,0.808231995,0.546218487,3.7333,3.8,0.32889,0.16,3,1,4
28.14070352,0.765050225,0.56302521,4,4,0,0,3,1,4
29.64824121,0.722357465,0.433333333,3.5385,4,0.71006,0,3,1,4
27.88944724,0.707192645,0.583333333,4,4,0,0,3,1,4
42.71356784,0.5,0.5,3.9,3.9,0.09,0.09,3,1,4
27.88944724,0.951203885,0.75,3.9444,3.5,0.052469,0.25,3,1,4
29.89949749,0.6785,0.48828125,3.6429,3.8333,0.37245,0.13889,3,1,4
33.16582915,0.7413,0.532407407,3.8125,4,0.27734,0,3,1,4
32.91457286,0.723958415,0.527777778,3.75,4,0.4375,0,3,1,4
31.90954774,0.89005,0.684210526,3.8824,3.3333,0.22145,0.88889,3,1,4
33.41708543,0.84005,0.7265625,4,3.3333,0,0.55556,3,1,4
32.4120603,0.81005018,0.583333333,4,4,0,0,3,1,4
32.16080402,0.917907215,0.680555556,3.75,3.25,0.4375,0.6875,3,1,4
31.15577889,0.899141,0.694736842,3.9412,3.3333,0.055363,0.88889,3,1,4
29.14572864,0.98403889,0.849206349,3.8421,2,0.23823,0,3,1,4
29.39698492,0.946863235,0.7625,3.9444,3,0.052469,1,3,1,4
27.63819095,0.9851,0.873015873,4,3,0,0,3,1,4
24.87437186,0.97999012,0.857142857,3.9474,3,0.049861,0,3,1,4
18.09045226,0.730055233,0.485185185,3.6923,3.7143,0.21302,0.4898,3,1,4
33.91959799,0.810675103,0.583333333,2.8125,2.5,0.90234,0.75,3,1,5
32.91457286,0.799995184,0.5,2.5333,2.6,0.91556,0.24,3,1,5
32.66331658,0.894720436,0.62962963,2.8125,2.25,0.52734,0.6875,3,1,5
33.16582915,0.85759996,0.718487395,2.1333,1,0.91556,0,3,1,5
33.91959799,0.865484685,0.71484375,2.5,1.5,0.67857,0.58333,3,1,5
33.91959799,0.717,0.51953125,2.3571,2.3333,0.65816,0.88889,3,1,5
35.92964824,0.699090801,0.6,1.75,1.25,1.0208,0.4375,3,1,5
35.92964824,0.664523669,0.622222222,1.8462,1.2857,0.74556,0.4898,3,1,5
36.93467337,0.76611029,0.61328125,1.9286,1.3333,0.78061,0.22222,3,1,5
35.1758794,0.89848391,0.55,2.4444,2,0.35802,1,3,1,5
37.68844221,0.765101174,0.640740741,2.9231,2.2857,0.84024,1.0612,3,1,5
36.4321608,0.872708438,0.75210084,3.1333,1.6,0.64889,1.44,3,1,5
24.3718593,0.903175165,0.552631579,3.2941,3.3333,0.32526,0.22222,3,1,5
23.36683417,0.951583578,0.715789474,3.3529,2.6667,0.46367,0.22222,3,1,5
22.86432161,0.915675103,0.736842105,3.2353,2.3333,0.53287,0.22222,3,1,5
21.6080402,0.930353105,0.65,3.3333,2.5,0.77778,2.25,3,1,5
20.10050251,0.970814276,0.714285714,2.9474,1,0.99723,0,3,1,5
22.11055276,0.775258335,0.584033613,2.9333,2.6,0.72889,0.64,3,1,5
20.60301508,0.84131276,0.515789474,2.7059,2.6667,1.2664,1.5556,3,1,5
21.85929648,0.80291675,0.734375,3.3571,2.1667,0.94388,1.4722,3,1,5
19.84924623,0.890466688,0.657894737,2.4706,1.3333,1.4256,0.22222,3,1,5
21.10552764,0.846508478,0.668067227,2.5333,1.8,0.51556,0.56,3,1,5
20.35175879,0.871564831,0.685185185,2.625,2,0.48438,0,3,1,5
19.59798995,0.951508415,0.721052632,3,1.6667,1.4118,0.88889,3,1,5
44.97487437,0.94055,0.714285714,4,4,0,0,3,1,6
42.71356784,0.602252689,0.527972028,3.3636,3.3333,0.95868,0.66667,3,1,6
25.37688442,0.743434519,0.578125,3.2143,3,1.0255,1,3,1,6
26.13065327,0.771190438,0.58203125,3.3571,3.1667,1.0867,1.1389,3,1,6
29.64824121,0.74178544,0.621428571,3.5833,3,0.40972,1.25,3,1,6
41.95979899,0.952928855,0.79375,3.6111,2.5,0.6821,0.25,3,1,6
31.15577889,0.9065,0.75462963,3.5,2.25,0.5,1.1875,3,1,6
35.42713568,0.691041523,0.70979021,3.4545,2.3333,0.79339,1.5556,3,1,6
31.40703518,0.875604526,0.60625,3.8333,4,0.25,0,3,1,6
33.66834171,0.516250063,0.485185185,3.6923,3.7143,0.21302,0.4898,3,1,6
31.90954774,0.764375063,0.509259259,3.375,3.75,1.1094,0.1875,3,1,6
32.4120603,0.844,0.75210084,3.9333,3,0.062222,1.2,3,1,6
22.86432161,0.72484877,0.533613445,3.8667,4,0.24889,0,3,1,6
24.3718593,0.750258438,0.633333333,3.6154,3,0.85207,1.7143,3,1,6
24.12060302,0.716458273,0.5625,3.5714,3.3333,0.53061,1.2222,3,1,6
24.12060302,0.761041728,0.676470588,3.5333,2.8,1.0489,1.36,3,1,6
24.12060302,0.84905,0.756302521,3.8667,2.6,0.24889,1.44,3,1,6
23.86934673,0.861262775,0.740740741,3.9375,2.75,0.058594,1.6875,3,1,6
23.61809045,0.877323406,0.75,3.75,3,0.1875,0.5,3,1,6
23.36683417,0.88666683,0.726851852,3.875,2.75,0.10938,1.6875,3,1,6
24.3718593,0.78156589,0.640625,3.6429,2.8333,0.22959,1.8056,3,1,6
21.85929648,0.8663,0.63125,3.9444,4,0.052469,0,3,1,6
22.86432161,0.8485,0.689814815,3.6875,2.75,0.33984,1.6875,3,1,6
22.61306533,0.778,0.537037037,3.875,4,0.10938,0,3,1,6
32.91457286,0.872341648,0.626315789,3.1765,2.6667,1.2042,0.88889,3,2,7
27.63819095,0.980983335,0.636363636,3.1,NaN,1.19,NaN,3,2,7
32.16080402,0.8665625,0.5,2.1538,2.1429,1.2071,1.551,3,2,7
31.40703518,0.863636015,0.7890625,3.0714,1.3333,1.352,0.55556,3,2,7
30.90452261,0.914841585,0.810185185,3.0625,1,1.3086,0,3,2,7
28.64321608,0.961418722,0.6875,2.8889,1.5,1.5432,0.25,3,2,7
28.89447236,0.97260004,0.7625,3.3333,2,0.88889,0,3,2,7
27.88944724,0.950288011,0.7625,3.5,2.5,0.58333,0.25,3,2,7
29.14572864,0.89691881,0.731092437,2.6,1.4,1.04,0.24,3,2,7
28.14070352,0.9802,0.773148148,3.0625,1.75,0.93359,0.1875,3,2,7
30.15075377,0.859891625,0.666666667,2.6923,1.8571,1.2899,0.69388,3,2,7
26.88442211,0.93984179,0.575,2.5556,2,1.2469,1,3,2,7
21.6080402,0.621508273,0.375,2.5,3.125,1.25,0.85938,3,2,7
21.10552764,0.72734154,0.703703704,2.7692,1.5714,1.716,0.53061,3,2,7
20.85427136,0.76855,0.59375,2.7857,2.5,1.4541,0.58333,3,2,7
24.12060302,0.596009465,0.607142857,2.9167,2.5,0.90972,0.5,3,2,7
34.92462312,0.983786365,0.761363636,3.65,NaN,0.6275,NaN,3,2,7
42.71356784,0.60755,0.600694444,2.3,1.9,0.81,0.29,3,2,7
30.40201005,0.92855,0.725,3.2222,2,0.7284,1,3,2,7
27.38693467,0.9686,0.658730159,3.2632,3,0.82548,0,3,2,7
26.13065327,0.902341768,0.6125,2.7222,2,1.2006,1,3,2,7
24.87437186,0.94262752,0.7125,2.8889,1.5,1.0988,0.25,3,2,7
23.36683417,0.91755,0.657894737,2.8235,2,1.0865,0.66667,3,2,7
25.37688442,0.841363755,0.6875,3.2143,2.3333,0.45408,1.2222,3,2,7
40.70351759,0.84217186,0.694444444,3.8125,3,0.15234,1.5,3,2,8
39.94974874,0.79083353,0.631578947,3.7647,3.6667,0.29758,0.22222,3,2,8
40.95477387,0.852500125,0.651260504,3.2,2.6,1.0933,1.04,3,2,8
40.45226131,0.92489907,0.75,3.8125,3.25,0.15234,0.1875,3,2,8
39.1959799,0.758125,0.447368421,3.4118,4,0.59516,0,3,2,8
40.95477387,0.8295,0.65234375,3.6429,3.3333,0.37245,0.22222,3,2,8
39.1959799,0.851483649,0.542105263,3.2941,3.3333,0.79585,0.88889,3,2,8
42.46231156,0.659444654,0.557142857,3.25,3.125,1.0208,0.85938,3,2,8
38.19095477,0.9851,0.86875,3.8889,2.5,0.098765,0.25,3,2,8
39.94974874,0.717500125,0.508403361,3.4667,3.6,0.38222,0.24,3,2,8
41.45728643,0.638333599,0.537037037,3.4615,3.5714,0.86391,0.2449,3,2,8
41.95979899,0.735656633,0.674074074,3.6923,3.2857,0.21302,0.20408,3,2,8
44.47236181,0.857291523,0.542105263,3.4118,3.6667,0.83045,0.22222,3,2,8
34.42211055,0.7435,0.529411765,3.4,3.4,0.50667,0.64,3,2,8
34.92462312,0.790883309,0.73046875,3.6429,2.8333,0.22959,0.80556,3,2,8
43.71859296,0.5725,0.645833333,3.3,2.7,0.61,0.81,3,2,8
44.72361809,0.82124988,0.6328125,3.4286,3,0.38776,0.66667,3,2,8
50.75376884,0.73530326,0.515625,3.2143,3.3333,1.0255,0.55556,3,2,8
42.71356784,0.98237222,0.659090909,3.2,NaN,0.96,NaN,3,2,8
48.74371859,0.799791523,0.605042017,3.6667,3.4,0.35556,0.64,3,2,8
49.49748744,0.833187047,0.66796875,3.6429,3.1667,0.22959,0.47222,3,2,8
45.9798995,0.897417692,0.595238095,3.5789,4,0.34903,0,3,2,8
46.98492462,0.75773793,0.657407407,3.4375,3,0.49609,0.5,3,2,8
46.73366834,0.8828284,0.636842105,3.3529,3,0.81661,0.66667,3,2,8
21.85929648,0.814242549,0.550925926,3.25,3.25,0.4375,0.1875,3,1,9
19.59798995,0.946666185,0.698412698,3.4211,3,0.55956,0,3,1,9
20.10050251,0.92150842,0.68125,3.3889,3,0.45988,0,3,1,9
20.35175879,0.89004988,0.726315789,3.4118,2.6667,0.59516,0.22222,3,1,9
20.10050251,0.869830313,0.708333333,3.375,2.75,0.48438,0.1875,3,1,9
20.85427136,0.815050104,0.734375,3.5,2.8333,0.39286,0.13889,3,1,9
19.84924623,0.927577552,0.828703704,3.3125,1.75,0.58984,0.1875,3,1,9
19.09547739,0.9115,0.736842105,3.5882,2.6667,0.24221,0.88889,3,1,9
17.83919598,0.876110781,0.54375,3.2778,3.5,0.53395,0.25,3,1,9
22.11055276,0.668433993,0.664285714,3.3333,2.75,0.38889,0.6875,3,1,9
19.59798995,0.858750165,0.74789916,3.4,2.4,0.50667,0.64,3,1,9
17.33668342,0.901818255,0.65,3.4444,3,0.46914,1,3,1,9
32.91457286,0.717828121,0.6171875,3.5714,3.1667,0.38776,0.80556,3,1,9
33.66834171,0.710833478,0.6015625,3.5714,3.3333,0.53061,0.55556,3,1,9
32.66331658,0.933511645,0.851851852,3.875,3,0.10938,0,3,1,9
31.15577889,0.947120785,0.73125,3.3889,2.5,0.90432,0.25,3,1,9
31.40703518,0.869425125,0.663157895,3.4706,3,0.24913,0.66667,3,1,9
30.90452261,0.942070235,0.831578947,3.6471,2.3333,0.34602,0.22222,3,1,9
29.64824121,0.96126217,0.8375,3.7222,2,0.31173,1,3,1,9
29.64824121,0.8363,0.563157895,3.8235,4,0.26298,0,3,1,9
31.90954774,0.802929374,0.737037037,3.5385,2.7143,0.40237,0.4898,3,1,9
27.38693467,0.96136318,0.706349206,3.4211,3,0.77008,0,3,1,9
29.64824121,0.834995298,0.764705882,3.6667,2.6,0.48889,0.64,3,1,9
30.40201005,0.788749898,0.67578125,3.7143,2.8333,0.20408,1.4722,3,1,9
27.13567839,0.895050106,0.484210526,2.5882,2.6667,0.24221,0.22222,3,2,10
27.13567839,0.84540368,0.625,2.625,2.25,0.23438,0.1875,3,2,10
27.13567839,0.7991,0.525210084,2.8667,2.8,0.51556,0.16,3,2,10
42.71356784,0.57655,0.614583333,2.5,2.2,0.25,0.16,3,2,10
29.39698492,0.662221909,0.492592593,2.3846,2.4286,0.39053,0.2449,3,2,10
29.14572864,0.82176683,0.680672269,2.5333,2,0.24889,0,3,2,10
29.89949749,0.804545074,0.596638655,2.6667,2.4,0.22222,0.24,3,2,10
31.65829146,0.8386,0.8,2.7692,1.8571,0.17751,0.12245,3,2,10
33.16582915,0.499835154,0.55,2.75,2.625,0.1875,0.23438,3,2,10
33.16582915,0.740929216,0.622222222,2.6154,2.2857,0.23669,0.20408,3,2,10
33.16582915,0.86955,0.592592593,2.75,2.5,0.1875,0.25,3,2,10
31.40703518,0.929683438,0.61875,2.5,2,0.25,0,3,2,10
17.5879397,0.639375125,0.444444444,2.7692,3,0.33136,0.57143,3,2,10
42.71356784,0.375625188,0.5859375,2.5,2.2143,0.25,0.45408,3,2,10
24.62311558,0.7565,0.5859375,3.2143,3,0.7398,0.33333,3,2,10
42.21105528,0.9851,0.840909091,4,NaN,0,NaN,3,2,10
25.37688442,0.9851,0.829545455,3.95,NaN,0.0475,NaN,3,2,10
23.11557789,0.935858145,0.75,3.8889,3,0.20988,1,3,2,10
19.09547739,0.9851,0.829545455,3.95,NaN,0.0475,NaN,3,2,10
12.31155779,0.765,0.584033613,3.2,3,0.29333,0.4,3,2,10
12.81407035,0.826918335,0.592592593,3,2.75,0.375,0.1875,3,2,10
14.32160804,0.743800125,0.577777778,2.7692,2.5714,0.17751,0.2449,3,2,10
42.71356784,0.622341545,0.440559441,3,3.2222,0.54545,0.39506,3,2,10
14.57286432,0.767073987,0.697478992,2.9333,2.4,0.062222,0.24,3,2,10
33.66834171,0.754091064,0.412037037,2.8125,3.5,1.2773,0.25,3,1,11
33.91959799,0.82701989,0.486111111,2.4375,2.5,0.99609,1.25,3,1,11
33.66834171,0.843686555,0.68487395,2.8,1.8,1.36,0.56,3,1,11
33.16582915,0.83621179,0.583333333,2.5,2,1.25,1.5,3,1,11
43.2160804,0.603,0.659722222,2.5,1.8,0.85,0.76,3,1,11
34.42211055,0.803130955,0.600840336,2.9333,2.4,0.72889,1.44,3,1,11
36.18090452,0.72055,0.614814815,2.0769,1.5714,0.68639,0.53061,3,1,11
37.18592965,0.677171479,0.588888889,2.6923,2.2857,0.98225,0.77551,3,1,11
37.93969849,0.8305,0.606481481,3.0625,2.75,0.93359,0.6875,3,1,11
37.43718593,0.870504685,0.768907563,3.1333,1.8,0.91556,0.56,3,1,11
37.18592965,0.817291688,0.574074074,2.9375,2.75,1.1836,0.6875,3,1,11
38.94472362,0.771249835,0.677777778,3.3077,2.4286,0.8284,1.3878,3,1,11
30.90452261,0.93719254,0.7,3.6667,3,0.55556,1,3,1,11
30.15075377,0.904811842,0.6125,2.8889,2.5,1.0988,0.25,3,1,11
28.3919598,0.974058313,0.738095238,3.1053,1,1.1468,0,3,1,11
23.11557789,0.901060695,0.51875,2.6111,2.5,1.2377,2.25,3,1,11
20.35175879,0.801597793,0.7109375,2.8571,1.8333,1.1224,0.47222,3,1,11
21.10552764,0.8523234,0.568421053,2.8824,2.6667,1.045,0.88889,3,1,11
22.36180905,0.8175,0.71875,2.6429,1.6667,0.65816,0.55556,3,1,11
23.61809045,0.747726818,0.666666667,2.5385,1.7143,1.1716,0.4898,3,1,11
19.09547739,0.941464175,0.579365079,2.9474,3,1.2078,0,3,1,11
21.10552764,0.842138022,0.555555556,2.375,2,0.85938,0,3,1,11
21.10552764,0.89055,0.736111111,3.25,2.25,0.9375,0.1875,3,1,11
20.85427136,0.867133518,0.666666667,2.6875,1.75,1.2148,0.6875,3,1,11
49.24623116,0.756209052,0.537037037,3.875,4,0.10938,0,3,1,12
48.74371859,0.845416523,0.589473684,3.9412,4,0.055363,0,3,1,12
51.50753769,0.6913333,0.503703704,3.9231,4,0.071006,0,3,1,12
51.50753769,0.6485,0.533333333,4,4,0,0,3,1,12
48.74371859,0.9075,0.736842105,3.8235,3.3333,0.14533,0.22222,3,1,12
52.51256281,0.62375,0.521428571,4,4,0,0,3,1,12
50,0.737083375,0.537815126,3.9333,4,0.062222,0,3,1,12
50,0.788406827,0.697478992,4,3.6,0,0.24,3,1,12
48.74371859,0.8465,0.610526316,4,4,0,0,3,1,12
50,0.723928595,0.56302521,4,4,0,0,3,1,12
52.26130653,0.599596395,0.535714286,3.9167,3.875,0.076389,0.10938,3,1,12
48.74371859,0.820000085,0.589473684,3.9412,4,0.055363,0,3,1,12
28.89447236,0.688175165,0.57037037,3.6923,3.5714,0.21302,0.2449,3,1,12
28.89447236,0.7285,0.637037037,4,3.7143,0,0.20408,3,1,12
24.87437186,0.92550462,0.666666667,3.8421,4,0.13296,0,3,1,12
27.13567839,0.73630969,0.613445378,3.9333,3.6,0.062222,0.64,3,1,12
28.89447236,0.690404305,0.577777778,3.8462,3.7143,0.13018,0.20408,3,1,12
26.88442211,0.7950002,0.583333333,4,4,0,0,3,1,12
27.63819095,0.64458325,0.51953125,3.9286,4,0.066327,0,3,1,12
26.38190955,0.840000155,0.610526316,4,4,0,0,3,1,12
26.13065327,0.89085819,0.705263158,4,3.6667,0,0.22222,3,1,12
27.38693467,0.73390136,0.546875,4,4,0,0,3,1,12
26.38190955,0.77005022,0.583333333,4,4,0,0,3,1,12
28.14070352,0.686250125,0.555555556,3.9231,3.8571,0.071006,0.12245,3,1,12
53.76884422,0.587708353,0.56993007,2.1818,1.8889,0.5124,0.32099,3,2,13
58.29145729,0.421414715,0.486013986,2.3333,2.3636,0.66667,0.77686,3,2,13
52.51256281,0.561262772,0.378571429,2.1667,2.75,1.4722,1.1875,3,2,13
52.51256281,0.742133335,0.778571429,3,1.5,1.3333,0.25,3,2,13
60.55276382,0.38192792,0.44140625,2.5,2.7857,1.5833,1.4541,3,2,13
59.29648241,0.409545207,0.507142857,2.125,2.1667,0.60938,0.63889,3,2,13
53.76884422,0.645324899,0.671328671,2.7273,2,0.7438,0.88889,3,2,13
58.29145729,0.444444172,0.5,2.1111,2.0909,0.98765,0.6281,3,2,13
60.55276382,0.293125023,0.46484375,2.8333,3,1.1389,0.57143,3,2,13
56.28140704,0.581767004,0.645833333,2.5,2,0.85,0.2,3,2,13
52.51256281,0.650169026,0.475,2.75,2.875,1.1875,1.3594,3,2,13
51.50753769,0.772341813,0.633333333,2.6154,2,0.85207,0.57143,3,2,13
58.29145729,0.548,0.646853147,2.6667,2,0.88889,1.0909,3,2,13
58.29145729,0.55255,0.629370629,2.7778,2.1818,0.83951,0.87603,3,2,13
51.50753769,0.690439661,0.533333333,2.6923,2.5714,0.98225,1.102,3,2,13
56.28140704,0.547577447,0.510416667,2.1,2.1,1.09,1.29,3,2,13
60.05025126,0.500674795,0.818518519,3.4286,1.6923,1.102,0.36686,3,2,13
53.76884422,0.51905,0.451048951,2,2.1111,0.72727,0.54321,3,2,13
59.29648241,0.481867786,0.614285714,2.75,2.25,1.4375,0.1875,3,2,13
53.76884422,0.646874898,0.660839161,2.4545,1.7778,0.79339,0.61728,3,2,13
59.29648241,0.469797747,0.610714286,2.375,1.9167,0.98438,0.90972,3,2,13
56.28140704,0.46405,0.447916667,2.5,2.7,1.25,0.61,3,2,13
59.29648241,0.435466608,0.510714286,2.375,2.3333,0.73438,0.55556,3,2,13
56.28140704,0.46499996,0.395833333,1.8,2.2,0.36,0.56,3,2,13
47.48743719,0.766413951,0.490740741,3.375,3.75,0.85938,0.1875,3,2,14
52.01005025,0.71555,0.797202797,3.7273,2.4444,0.38017,1.1358,3,2,14
47.48743719,0.858736389,0.615789474,3.5882,3.3333,0.59516,0.88889,3,2,14
48.49246231,0.828072162,0.74789916,3.4667,2.2,0.91556,0.96,3,2,14
47.2361809,0.934097664,0.726315789,3.2941,2.3333,1.1488,0.88889,3,2,14
49.24623116,0.787197999,0.625,3.2143,2.6667,1.0255,1.2222,3,2,14
48.24120603,0.754166725,0.579831933,3.3333,3,1.0222,1.6,3,2,14
46.98492462,0.909494601,0.721052632,3.2941,2.3333,1.3841,0.22222,3,2,14
44.97487437,0.975874196,0.801587302,3.7368,3,0.61496,0,3,2,14
45.47738693,0.93095966,0.775,4,3,0,1,3,2,14
46.73366834,0.8963,0.680672269,3.8,2.8,0.56,2.16,3,2,14
44.22110553,0.94705,0.725,3,1.5,1.2222,0.25,3,2,14
42.46231156,0.85371657,0.743697479,3.6,2.6,0.37333,1.04,3,2,14
40.95477387,0.8075,0.583333333,3.6875,3.5,0.33984,0.75,3,2,14
39.94974874,0.90691881,0.668421053,3.4706,3,0.71972,0.66667,3,2,14
37.93969849,0.9851,0.642857143,3,2,1.4737,0,3,2,14
38.69346734,0.872133375,0.59375,3.0556,2.5,0.71914,2.25,3,2,14
36.4321608,0.940000205,0.682539683,3.8947,4,0.094183,0,3,2,14
34.42211055,0.72050536,0.5546875,3.5714,3.6667,0.81633,0.22222,3,2,14
35.42713568,0.91484171,0.722222222,2.6875,1.25,1.5898,0.1875,3,2,14
33.41708543,0.959390712,0.8375,3.6111,1.5,0.6821,0.25,3,2,14
34.17085427,0.872,0.740740741,3.875,2.5,0.23438,2.25,3,2,14
31.40703518,0.909780311,0.650793651,3.6842,4,0.84765,0,3,2,14
31.90954774,0.9615652,0.79375,3.2778,1,1.3117,0,3,2,14
21.10552764,0.83805013,0.68907563,2.9333,2.2,0.32889,0.56,3,1,15
43.71859296,0.86855,0.60625,3.1667,3,0.47222,0,3,1,15
41.70854271,0.980983335,0.714285714,3.1053,2,0.6205,0,3,1,15
26.88442211,0.70055,0.574074074,2.6923,2.4286,0.8284,0.53061,3,1,15
31.90954774,0.8876,0.662037037,2.9375,2.25,0.30859,0.6875,3,1,15
32.16080402,0.83671654,0.630252101,2.9333,2.4,0.32889,0.64,3,1,15
32.16080402,0.8605,0.676470588,3.2667,2.6,0.86222,0.64,3,1,15
31.65829146,0.761597504,0.574074074,2.9375,2.75,0.80859,0.1875,3,1,15
34.42211055,0.66296675,0.55,2.1667,2,0.30556,0.25,3,1,15
32.66331658,0.894393515,0.743697479,3,2,0.53333,0.4,3,1,15
32.16080402,0.86313046,0.615740741,2.75,2.25,0.4375,0.6875,3,1,15
31.40703518,0.8446335,0.568421053,2.8235,2.6667,0.61592,0.88889,3,1,15
30.65326633,0.907192979,0.715789474,3.3529,2.6667,0.46367,0.22222,3,1,15
30.15075377,0.901565735,0.694736842,3.7059,3.3333,0.20761,0.22222,3,1,15
29.14572864,0.977170715,0.84375,3.5,1.5,0.36111,0.25,3,1,15
28.3919598,0.87727233,0.54375,3.6111,4,0.57099,0,3,1,15
32.16080402,0.8120501,0.542857143,3.0833,2.875,0.40972,0.85938,3,1,15
31.40703518,0.803225,0.562962963,2.5385,2.2857,1.3254,0.4898,3,1,15
27.88944724,0.94555,0.71875,3.5,3,0.36111,0,3,1,15
30.65326633,0.754747766,0.6015625,2.9286,2.5,1.2092,0.91667,3,1,15
31.15577889,0.817727521,0.6953125,3.4286,2.6667,0.2449,0.88889,3,1,15
29.89949749,0.8381,0.611111111,3,2.5,0.25,0.75,3,1,15
32.4120603,0.735384821,0.542857143,3,2.75,0.66667,1.4375,3,1,15
26.13065327,0.98165,0.715909091,3.45,NaN,0.6475,NaN,3,1,15
10.55276382,0.670055193,0.577777778,3.8462,3.7143,0.13018,0.20408,3,1,16
11.05527638,0.585353864,0.444444444,3.7692,4,0.17751,0,3,1,16
11.80904523,0.71303057,0.614814815,3.7692,3.4286,0.17751,0.53061,3,1,16
9.547738693,0.847,0.589473684,3.6471,3.6667,0.34602,0.22222,3,1,16
10.30150754,0.832341625,0.717592593,3.9375,3.5,0.058594,0.25,3,1,16
10.05025126,0.737708438,0.537037037,3.875,4,0.10938,0,3,1,16
10.30150754,0.7475,0.56302521,4,4,0,0,3,1,16
8.793969849,0.80171733,0.478947368,3.5882,4,0.35986,0,3,1,16
42.71356784,0.609583273,0.517857143,3.75,3.75,0.1875,0.1875,3,1,16
11.05527638,0.778452004,0.5703125,3.7143,3.6667,0.34694,0.22222,3,1,16
10.55276382,0.8325,0.705882353,3.8,3.2,0.16,0.56,3,1,16
8.793969849,0.8858082,0.6125,3.8889,4,0.098765,0,3,1,16
42.71356784,0.711464874,0.727272727,4,3.2222,0,0.61728,3,1,16
22.61306533,0.769848725,0.560185185,3.9375,4,0.058594,0,3,1,16
19.84924623,0.93605,0.698412698,3.9474,4,0.049861,0,3,1,16
17.33668342,0.98372143,0.772727273,3.7,NaN,0.21,NaN,3,1,16
16.33165829,0.984733335,0.829545455,3.95,NaN,0.0475,NaN,3,1,16
42.71356784,0.520416648,0.5,3.8,3.8,0.16,0.16,3,1,16
17.08542714,0.60302221,0.562962963,3.7692,3.5714,0.17751,0.53061,3,1,16
17.5879397,0.631716563,0.578125,3.9286,3.8333,0.066327,0.13889,3,1,16
18.09045226,0.685252901,0.515625,3.7143,3.8333,0.34694,0.13889,3,1,16
19.34673367,0.730606305,0.487394958,3.8,4,0.16,0,3,1,16
20.35175879,0.635100855,0.474074074,3.8462,4,0.13018,0,3,1,16
20.35175879,0.664583415,0.5859375,3.9286,3.6667,0.066327,0.55556,3,1,16
26.13065327,0.769166419,0.5859375,3.6429,3.5,0.22959,0.25,3,2,17
25.37688442,0.7235,0.504201681,3.6667,3.8,0.22222,0.16,3,2,17
25.87939698,0.83605,0.76171875,3.6429,3,0.22959,0,3,2,17
28.14070352,0.564560611,0.5,3.5833,3.625,0.24306,0.23438,3,2,17
25.37688442,0.89305,0.715789474,3.7647,3.3333,0.17993,0.22222,3,2,17
24.87437186,0.85855,0.621052632,3.7647,3.6667,0.17993,0.22222,3,2,17
26.63316583,0.723333494,0.5625,3.4286,3.3333,0.2449,0.22222,3,2,17
25.6281407,0.813,0.578703704,3.5625,3.5,0.24609,0.25,3,2,17
27.13567839,0.642198028,0.57037037,3.6923,3.5714,0.21302,0.2449,3,2,17
25.37688442,0.838175,0.703703704,3.6875,3.25,0.21484,0.1875,3,2,17
27.63819095,0.629899254,0.496296296,3.7692,3.8571,0.17751,0.12245,3,2,17
26.38190955,0.818,0.672268908,3.9333,3.6,0.062222,0.24,3,2,17
42.46231156,0.566565984,0.348148148,3.0769,3.5714,0.22485,0.2449,3,2,17
43.96984925,0.708,0.62962963,3.8462,3.5714,0.13018,0.2449,3,2,17
43.46733668,0.785274952,0.680672269,3.6,3.2,0.24,0.16,3,2,17
42.21105528,0.827272441,0.671296296,3.8125,3.5,0.15234,0.25,3,2,17
43.2160804,0.800625165,0.663865546,3.7333,3.4,0.19556,0.24,3,2,17
41.20603015,0.898124818,0.6125,3.8889,4,0.098765,0,3,2,17
42.21105528,0.832879016,0.648148148,3.75,3.5,0.1875,0.25,3,2,17
42.21105528,0.729,0.529411765,3.7333,3.8,0.19556,0.16,3,2,17
44.72361809,0.685219853,0.657142857,3.75,3.375,0.1875,0.23438,3,2,17
41.20603015,0.888621357,0.684210526,3.4118,3,0.24221,0,3,2,17
40.45226131,0.91155,0.675,3.7222,3.5,0.20062,0.25,3,2,17
40.70351759,0.93171672,0.715789474,3.7647,3.3333,0.17993,0.22222,3,2,17
35.92964824,0.954335778,0.836842105,3.5882,2,0.24221,0.66667,3,2,18
33.91959799,0.941161145,0.642857143,3.2105,3,0.48199,0,3,2,18
34.42211055,0.936464195,0.6625,2.9444,2,0.3858,1,3,2,18
33.66834171,0.91977534,0.66875,3.4444,2.5,0.91358,2.25,3,2,18
33.91959799,0.784,0.49537037,2.8125,3,0.52734,0,3,2,18
31.90954774,0.92755,0.675,3,2,0.33333,1,3,2,18
30.40201005,0.98465,0.888888889,4,1,0,0,3,2,18
29.39698492,0.98265,0.825396825,3.6316,1,0.54848,0,3,2,18
26.63316583,0.976109605,0.722222222,2.9474,1,0.26039,0,3,2,18
17.33668342,0.85020165,0.648148148,3.125,2.5,0.10938,0.75,3,2,18
20.60301508,0.63813117,0.567857143,3.1667,2.875,0.13889,0.60938,3,2,18
19.34673367,0.831973202,0.521008403,2.8667,2.6,0.64889,1.84,3,2,18
23.86934673,0.768231893,0.625,3.2857,3,0.63265,0.33333,3,2,18
23.61809045,0.819,0.680672269,3.0667,2.2,0.19556,0.96,3,2,18
24.3718593,0.736615824,0.609375,2.5714,2,0.67347,1,3,2,18
25.37688442,0.6235,0.455555556,2.3846,2.5714,0.69822,0.53061,3,2,18
26.13065327,0.64919222,0.474074074,2.6154,2.7143,0.54438,0.4898,3,2,18
24.87437186,0.80101028,0.550925926,3.0625,3,0.058594,0,3,2,18
27.88944724,0.709583295,0.671428571,3.3333,2.375,1.0556,1.7344,3,2,18
42.71356784,0.5595,0.527777778,2.4,2.3,0.84,0.81,3,2,18
45.72864322,0.889940227,0.610526316,2.9412,2.6667,0.4083,0.22222,3,2,18
43.46733668,0.93065561,0.675,3,2,0,1,3,2,18
43.2160804,0.89600918,0.636842105,3,2.3333,0,0.88889,3,2,18
42.96482412,0.948433358,0.778947368,3.2353,1.6667,0.17993,0.88889,3,2,18
47.98994975,0.951144018,0.75625,3.6111,3,0.34877,0,3,1,19
49.24623116,0.832383135,0.785714286,3.4667,2.2,0.78222,0.96,3,1,19
50,0.859242015,0.8125,3.4286,2,0.67347,0.33333,3,1,19
51.75879397,0.69605,0.642857143,2.9167,2.375,0.74306,0.73438,3,1,19
48.24120603,0.873080895,0.642105263,3.1765,2.6667,0.61592,0.88889,3,1,19
48.99497487,0.8966,0.74537037,2.8125,1.5,1.0273,0.25,3,1,19
49.74874372,0.857221274,0.647058824,2.0667,1.4,0.59556,0.24,3,1,19
49.74874372,0.888383475,0.806722689,3,1.4,0.93333,0.24,3,1,19
48.49246231,0.882192882,0.75462963,2.9375,1.5,1.1836,0.25,3,1,19
48.74371859,0.818,0.592592593,3.1875,2.75,0.90234,1.6875,3,1,19
51.75879397,0.5825,0.478571429,2.1667,2.25,1.1389,0.1875,3,1,19
48.99497487,0.86105,0.652777778,2.625,1.75,1.2344,0.1875,3,1,19
37.68844221,0.928621264,0.663157895,3,2.3333,0.70588,0.22222,3,1,19
37.68844221,0.837,0.573684211,3.5294,3.6667,0.71972,0.22222,3,1,19
37.18592965,0.91755004,0.778947368,3.4118,2,1.0657,0.66667,3,1,19
39.44723618,0.79405,0.766666667,3.1538,2,0.74556,0.28571,3,1,19
37.93969849,0.805544652,0.647058824,2.8667,2.2,1.1822,0.16,3,1,19
37.43718593,0.76197504,0.509259259,2.375,2.25,0.85938,0.6875,3,1,19
45.72864322,0.534343632,0.5625,2.2,2,0.56,0.4,3,1,19
41.95979899,0.709633228,0.571428571,2.4167,2.125,0.90972,0.60938,3,1,19
40.20100503,0.936716761,0.773684211,3.1176,1.3333,1.2803,0.22222,3,1,19
39.44723618,0.91136319,0.657894737,3.0588,2.3333,0.76125,0.88889,3,1,19
40.45226131,0.781817865,0.596638655,2.5333,2,1.0489,0.4,3,1,19
39.1959799,0.911148975,0.663157895,2.6471,1.6667,1.1696,0.22222,3,1,19
12.31155779,0.98196818,0.81875,3.2778,1,0.86728,0,3,2,20
12.56281407,0.91955,0.773148148,3.4375,2.25,1.1211,0.6875,3,2,20
9.045226131,0.97429194,0.73015873,3.1053,1,1.3573,0,3,2,20
10.30150754,0.86905,0.563157895,2.7059,2.3333,0.6782,0.88889,3,2,20
42.71356784,0.546250125,0.410714286,2.4167,2.875,1.4097,1.1094,3,2,20
10.05025126,0.967407721,0.831578947,3.4706,2,0.48443,0,3,2,20
11.30653266,0.77600213,0.65234375,2.7857,2,1.3112,0.66667,3,2,20
10.55276382,0.89455,0.712962963,3.0625,2.25,0.93359,0.1875,3,2,20
42.71356784,0.5246667,0.657342657,3.4444,2.8182,1.1358,0.87603,3,2,20
10.30150754,0.90405,0.60625,2.8889,2.5,0.98765,0.25,3,2,20
10.05025126,0.935050038,0.7125,3.1667,2,1.1389,1,3,2,20
11.05527638,0.886924853,0.75462963,3.1875,1.75,1.2773,0.1875,3,2,20
16.08040201,0.69708354,0.487394958,3.0667,3.2,1.1289,1.36,3,2,20
16.33165829,0.859226082,0.81512605,3.4667,1.8,1.1822,0.96,3,2,20
13.81909548,0.973951121,0.761904762,3.6316,3,0.33795,0,3,2,20
12.56281407,0.983066665,0.833333333,3.6316,1,0.44321,0,3,2,20
13.06532663,0.94845663,0.66875,3.1111,2.5,0.76543,0.25,3,2,20
12.06030151,0.93655,0.75625,3.2778,2,0.86728,0,3,2,20
12.31155779,0.825050736,0.647058824,3.1333,2.4,0.78222,1.44,3,2,20
13.31658291,0.72762601,0.55859375,2.7143,2.5,0.77551,0.25,3,2,20
10.8040201,0.915656165,0.60625,3.0556,2.5,1.608,2.25,3,2,20
11.55778894,0.935274791,0.75,3.4375,2,0.62109,1.5,3,2,20
11.55778894,0.85705,0.657407407,3,2.5,0.625,0.25,3,2,20
10.55276382,0.95655,0.852631579,3.4118,1.3333,0.59516,0.22222,3,2,20
